timestamp,actual,predicted,error,absolute_error
2017-08-09 04:00:00,31.09,32.56325787479207,-1.473257874792072,1.473257874792072
2017-08-09 05:00:00,43.643,42.636785198849005,1.0062148011509962,1.0062148011509962
2017-08-09 06:00:00,43.515,46.10943413073148,-2.5944341307314787,2.5944341307314787
2017-08-09 07:00:00,38.019,37.215835163784966,0.8031648362150321,0.8031648362150321
2017-08-09 08:00:00,32.505,27.69576467504883,4.809235324951171,4.809235324951171
2017-08-09 09:00:00,31.113000000000003,28.946376850426905,2.1666231495730983,2.1666231495730983
2017-08-09 10:00:00,27.516,29.327454036904204,-1.8114540369042054,1.8114540369042054
2017-08-09 11:00:00,27.125,27.582354989654053,-0.4573549896540534,0.4573549896540534
2017-08-09 12:00:00,27.306,27.866135479572733,-0.5601354795727325,0.5601354795727325
2017-08-09 13:00:00,27.021,27.75686798369037,-0.735867983690369,0.735867983690369
2017-08-09 14:00:00,27.166,27.6558253463003,-0.48982534630030017,0.48982534630030017
2017-08-09 15:00:00,26.579,28.37214362060252,-1.793143620602521,1.793143620602521
2017-08-09 16:00:00,27.038,30.436894791605592,-3.398894791605592,3.398894791605592
2017-08-09 17:00:00,43.76300000000001,39.53508340831261,4.2279165916874035,4.2279165916874035
2017-08-09 18:00:00,46.467,46.72093991544752,-0.2539399154475177,0.2539399154475177
2017-08-09 19:00:00,45.12,46.004702503996,-0.884702503996003,0.884702503996003
2017-08-09 20:00:00,29.267,38.24589468348647,-8.97889468348647,8.97889468348647
2017-08-09 21:00:00,24.283,25.47825461221839,-1.1952546122183882,1.1952546122183882
2017-08-09 22:00:00,24.304,23.81520340852131,0.4887965914786889,0.4887965914786889
2017-08-09 23:00:00,23.558000000000003,23.61788960920495,-0.0598896092049479,0.0598896092049479
2017-08-10 00:00:00,23.101,23.14825445217075,-0.04725445217075119,0.04725445217075119
2017-08-10 01:00:00,22.99,23.026283322775996,-0.03628332277599711,0.03628332277599711
2017-08-10 02:00:00,25.15,24.046589732491963,1.1034102675080355,1.1034102675080355
2017-08-10 03:00:00,26.76,28.22796169206778,-1.467961692067778,1.467961692067778
2017-08-10 04:00:00,31.044,30.366196992738796,0.677803007261204,0.677803007261204
2017-08-10 05:00:00,44.977,42.41667595108221,2.560324048917785,2.560324048917785
2017-08-10 06:00:00,44.744,44.47387755629533,0.27012244370467187,0.27012244370467187
2017-08-10 07:00:00,37.108,37.35893326930355,-0.25093326930355175,0.25093326930355175
2017-08-10 08:00:00,26.889,27.939068639720418,-1.0500686397204184,1.0500686397204184
2017-08-10 09:00:00,32.108000000000004,28.07703042764892,4.030969572351083,4.030969572351083
2017-08-10 10:00:00,26.239,29.59729433836372,-3.35829433836372,3.35829433836372
2017-08-10 11:00:00,25.904,26.400608212788978,-0.4966082127889777,0.4966082127889777
2017-08-10 12:00:00,26.425,25.785468558899083,0.6395314411009174,0.6395314411009174
2017-08-10 13:00:00,26.547,26.279471714504954,0.2675282854950467,0.2675282854950467
2017-08-10 14:00:00,26.439,26.787085651275646,-0.34808565127564606,0.34808565127564606
2017-08-10 15:00:00,26.332,26.49813861796737,-0.16613861796736984,0.16613861796736984
2017-08-10 16:00:00,29.103,28.616798402359493,0.48620159764050896,0.48620159764050896
2017-08-10 17:00:00,39.422,39.8183992377224,-0.39639923772240593,0.39639923772240593
2017-08-10 18:00:00,46.825,46.25222407819731,0.5727759218026947,0.5727759218026947
2017-08-10 19:00:00,40.964,45.37141783777695,-4.407417837776954,4.407417837776954
2017-08-10 20:00:00,28.084,30.221833257019714,-2.1378332570197145,2.1378332570197145
2017-08-10 21:00:00,23.138,24.763914451118215,-1.6259144511182129,1.6259144511182129
2017-08-10 22:00:00,23.368,22.686387846949,0.6816121530509989,0.6816121530509989
2017-08-10 23:00:00,22.50800000000001,22.595550322076196,-0.0875503220761864,0.0875503220761864
2017-08-11 00:00:00,22.005,22.000272156228394,0.004727843771604512,0.004727843771604512
2017-08-11 01:00:00,22.191,22.010611258274373,0.18038874172562558,0.18038874172562558
2017-08-11 02:00:00,25.462,23.766830862625408,1.6951691373745916,1.6951691373745916
2017-08-11 03:00:00,27.197,26.875462533583118,0.3215374664168813,0.3215374664168813
2017-08-11 04:00:00,29.866,29.91441405728364,-0.04841405728364023,0.04841405728364023
2017-08-11 05:00:00,41.69600000000001,41.64828377612016,0.04771622387985275,0.04771622387985275
2017-08-11 06:00:00,44.021,44.251856575786405,-0.2308565757864045,0.2308565757864045
2017-08-11 07:00:00,36.884,38.075322346319574,-1.1913223463195735,1.1913223463195735
2017-08-11 08:00:00,25.645,26.723131645013332,-1.0781316450133325,1.0781316450133325
2017-08-11 09:00:00,31.65,27.79074541197011,3.859254588029888,3.859254588029888
2017-08-11 10:00:00,26.56900000000001,28.539522639972244,-1.9705226399722342,1.9705226399722342
2017-08-11 11:00:00,26.155,26.418805643302534,-0.26380564330253264,0.26380564330253264
2017-08-11 12:00:00,26.131,26.234648485646627,-0.10364848564662665,0.10364848564662665
2017-08-11 13:00:00,26.06900000000001,26.350383368302637,-0.28138336830262745,0.28138336830262745
2017-08-11 14:00:00,26.458,26.591909300881024,-0.13390930088102593,0.13390930088102593
2017-08-11 15:00:00,27.424,26.757726038856692,0.6662739611433075,0.6662739611433075
2017-08-11 16:00:00,30.701,29.97286636212165,0.7281336378783507,0.7281336378783507
2017-08-11 17:00:00,44.544,41.221376434384624,3.3226235656153733,3.3226235656153733
2017-08-11 18:00:00,47.118,45.99463642576137,1.1233635742386312,1.1233635742386312
2017-08-11 19:00:00,43.916,44.41940436820717,-0.5034043682071712,0.5034043682071712
2017-08-11 20:00:00,27.72,36.630391615582965,-8.910391615582967,8.910391615582967
2017-08-11 21:00:00,25.862,24.388422324157123,1.4735776758428756,1.4735776758428756
2017-08-11 22:00:00,25.087,24.64517381393933,0.4418261860606698,0.4418261860606698
2017-08-11 23:00:00,24.268,23.618384000197572,0.6496159998024282,0.6496159998024282
2017-08-12 00:00:00,23.487,22.73224658193761,0.7547534180623892,0.7547534180623892
2017-08-12 01:00:00,23.25800000000001,22.814080917104388,0.4439190828956221,0.4439190828956221
2017-08-12 02:00:00,23.341,23.687153546739918,-0.3461535467399166,0.3461535467399166
2017-08-12 03:00:00,23.388,24.004311615899194,-0.6163116158991926,0.6163116158991926
2017-08-12 04:00:00,28.306,26.35477726821985,1.9512227317801525,1.9512227317801525
2017-08-12 05:00:00,41.865,38.65431206429042,3.210687935709579,3.210687935709579
2017-08-12 06:00:00,44.577,44.5715798704841,0.005420129515897543,0.005420129515897543
2017-08-12 07:00:00,43.003,40.530958419941385,2.4720415800586153,2.4720415800586153
2017-08-12 08:00:00,34.5,33.23278304908827,1.267216950911731,1.267216950911731
2017-08-12 09:00:00,25.864,29.754941294805665,-3.890941294805664,3.890941294805664
2017-08-12 10:00:00,24.435,26.666180415980655,-2.2311804159806563,2.2311804159806563
2017-08-12 11:00:00,26.151,25.873556003950643,0.27744399604935666,0.27744399604935666
2017-08-12 12:00:00,24.603,26.069750425779553,-1.4667504257795514,1.4667504257795514
2017-08-12 13:00:00,26.347,25.072461042556736,1.2745389574432657,1.2745389574432657
2017-08-12 14:00:00,26.56900000000001,26.396210242742942,0.17278975725706758,0.17278975725706758
2017-08-12 15:00:00,26.63300000000001,26.854871651313772,-0.22187165131376219,0.22187165131376219
2017-08-12 16:00:00,29.688,30.56490212898562,-0.8769021289856198,0.8769021289856198
2017-08-12 17:00:00,37.532,42.08315110966101,-4.5511511096610135,4.5511511096610135
2017-08-12 18:00:00,47.725,45.62071348290018,2.1042865170998226,2.1042865170998226
2017-08-12 19:00:00,45.58600000000001,46.65316804052042,-1.0671680405204071,1.0671680405204071
2017-08-12 20:00:00,38.289,38.478902704781255,-0.18990270478125382,0.18990270478125382
2017-08-12 21:00:00,26.705,26.265194997478122,0.4398050025218758,0.4398050025218758
2017-08-12 22:00:00,25.611,25.236197695343723,0.37480230465627784,0.37480230465627784
2017-08-12 23:00:00,25.411,24.433693117337643,0.9773068826623579,0.9773068826623579
2017-08-13 00:00:00,25.35,24.63217790229929,0.7178220977007115,0.7178220977007115
2017-08-13 01:00:00,24.744,24.90894690034573,-0.16494690034572912,0.16494690034572912
2017-08-13 02:00:00,24.806,24.69683938665745,0.10916061334254934,0.10916061334254934
2017-08-13 03:00:00,24.674,24.72835879823976,-0.054358798239761086,0.054358798239761086
2017-08-13 04:00:00,28.332,27.667113609251953,0.6648863907480482,0.6648863907480482
2017-08-13 05:00:00,35.38,39.98367657989445,-4.603676579894447,4.603676579894447
2017-08-13 06:00:00,45.105,44.584050868730955,0.5209491312690417,0.5209491312690417
2017-08-13 07:00:00,43.64100000000001,43.42474041491245,0.21625958508756327,0.21625958508756327
2017-08-13 08:00:00,33.005,35.107995483146354,-2.1029954831463513,2.1029954831463513
2017-08-13 09:00:00,29.409,27.18921847734145,2.2197815226585504,2.2197815226585504
2017-08-13 10:00:00,25.497,27.02354278410586,-1.5265427841058603,1.5265427841058603
2017-08-13 11:00:00,24.75800000000001,25.597987935323772,-0.8399879353237623,0.8399879353237623
2017-08-13 12:00:00,24.833,25.112044694406624,-0.2790446944066254,0.2790446944066254
2017-08-13 13:00:00,24.593000000000004,25.032071619716763,-0.4390716197167599,0.4390716197167599
2017-08-13 14:00:00,24.67,25.285233589707953,-0.6152335897079517,0.6152335897079517
2017-08-13 15:00:00,24.485,25.425377518978493,-0.9403775189784938,0.9403775189784938
2017-08-13 16:00:00,31.278,29.137743305563077,2.1402566944369212,2.1402566944369212
2017-08-13 17:00:00,42.147,41.73468886155,0.41231113845000067,0.41231113845000067
2017-08-13 18:00:00,45.62300000000001,46.052892031857596,-0.42989203185758385,0.42989203185758385
2017-08-13 19:00:00,41.85,45.06804452296479,-3.2180445229647887,3.2180445229647887
2017-08-13 20:00:00,26.887,34.8850131785783,-7.998013178578297,7.998013178578297
2017-08-13 21:00:00,24.487,25.27494010076055,-0.7879401007605509,0.7879401007605509
2017-08-13 22:00:00,24.48,23.602009319178922,0.8779906808210782,0.8779906808210782
2017-08-13 23:00:00,24.262,23.609346398605016,0.6526536013949844,0.6526536013949844
2017-08-14 00:00:00,24.309,24.13818641604087,0.1708135839591307,0.1708135839591307
2017-08-14 01:00:00,24.331,24.986170849586124,-0.6551708495861241,0.6551708495861241
2017-08-14 02:00:00,27.972,26.193271327850155,1.778728672149846,1.778728672149846
2017-08-14 03:00:00,27.879,28.98410613945908,-1.1051061394590782,1.1051061394590782
2017-08-14 04:00:00,30.204,29.726259844196573,0.47774015580342777,0.47774015580342777
2017-08-14 05:00:00,45.769,41.84639231672946,3.9226076832705417,3.9226076832705417
2017-08-14 06:00:00,46.005,46.332384388494994,-0.3273843884949912,0.3273843884949912
2017-08-14 07:00:00,40.343,41.600308060055475,-1.2573080600554718,1.2573080600554718
2017-08-14 08:00:00,25.788,29.077852416044845,-3.2898524160448446,3.2898524160448446
2017-08-14 09:00:00,31.165,27.684503856422076,3.4804961435779234,3.4804961435779234
2017-08-14 10:00:00,28.964,29.411999037331658,-0.4479990373316589,0.4479990373316589
2017-08-14 11:00:00,25.299,27.52120815973268,-2.2222081597326806,2.2222081597326806
2017-08-14 12:00:00,25.061,25.709309985734016,-0.6483099857340164,0.6483099857340164
2017-08-14 13:00:00,25.358,25.631308821108348,-0.27330882110834764,0.27330882110834764
2017-08-14 14:00:00,26.046,26.385010264198435,-0.3390102641984356,0.3390102641984356
2017-08-14 15:00:00,26.599,26.99138333345933,-0.3923833334593283,0.3923833334593283
2017-08-14 16:00:00,30.416,31.117740625736012,-0.7017406257360115,0.7017406257360115
2017-08-14 17:00:00,39.224,42.24540084536919,-3.021400845369193,3.021400845369193
2017-08-14 18:00:00,47.493,46.0434281762855,1.4495718237144999,1.4495718237144999
2017-08-14 19:00:00,44.19300000000001,46.52578579957172,-2.3327857995717096,2.3327857995717096
2017-08-14 20:00:00,33.341,35.946481762313496,-2.605481762313495,2.605481762313495
2017-08-14 21:00:00,23.45,26.122834717361876,-2.6728347173618765,2.6728347173618765
2017-08-14 22:00:00,23.549,23.519777124015857,0.02922287598414286,0.02922287598414286
2017-08-14 23:00:00,23.027,23.533286419307945,-0.5062864193079442,0.5062864193079442
2017-08-15 00:00:00,22.557,23.068785099890157,-0.5117850998901581,0.5117850998901581
2017-08-15 01:00:00,22.278,23.025768677423144,-0.7477686774231458,0.7477686774231458
2017-08-15 02:00:00,26.066,25.5170391669832,0.5489608330167997,0.5489608330167997
2017-08-15 03:00:00,27.426,28.882392305557367,-1.4563923055573689,1.4563923055573689
2017-08-15 04:00:00,30.562,31.664307240027455,-1.1023072400274536,1.1023072400274536
2017-08-15 05:00:00,41.289,42.08006008174111,-0.791060081741108,0.791060081741108
2017-08-15 06:00:00,44.841,45.165933274660254,-0.32493327466025335,0.32493327466025335
2017-08-15 07:00:00,35.401,39.42464930011367,-4.023649300113668,4.023649300113668
2017-08-15 08:00:00,31.999,26.334175791458147,5.664824208541852,5.664824208541852
2017-08-15 09:00:00,29.303,29.935447380963737,-0.6324473809637361,0.6324473809637361
2017-08-15 10:00:00,26.679,28.292374252598325,-1.6133742525983266,1.6133742525983266
2017-08-15 11:00:00,25.693,26.438102429087003,-0.7451024290870016,0.7451024290870016
2017-08-15 12:00:00,25.997,26.00547284791166,-0.008472847911658477,0.008472847911658477
2017-08-15 13:00:00,25.802,26.63870252479295,-0.8367025247929512,0.8367025247929512
2017-08-15 14:00:00,26.394,26.52274748657195,-0.12874748657195312,0.12874748657195312
2017-08-15 15:00:00,27.395,27.21280304851184,0.18219695148815873,0.18219695148815873
2017-08-15 16:00:00,37.092,31.48763905990187,5.604360940098129,5.604360940098129
2017-08-15 17:00:00,45.415,45.02801210643977,0.38698789356023156,0.38698789356023156
2017-08-15 18:00:00,47.537,46.511058284048914,1.0259417159510846,1.0259417159510846
2017-08-15 19:00:00,44.605,46.11518275729484,-1.5101827572948423,1.5101827572948423
2017-08-15 20:00:00,27.69400000000001,35.288858361795384,-7.594858361795374,7.594858361795374
2017-08-15 21:00:00,24.083,25.074753011479817,-0.991753011479819,0.991753011479819
2017-08-15 22:00:00,23.278,23.48319666768588,-0.20519666768588252,0.20519666768588252
2017-08-15 23:00:00,22.924,23.02739132774084,-0.10339132774084092,0.10339132774084092
2017-08-16 00:00:00,22.736,21.972472085982595,0.7635279140174056,0.7635279140174056
2017-08-16 01:00:00,22.064,22.396910495125585,-0.332910495125585,0.332910495125585
2017-08-16 02:00:00,27.568,24.13792915529896,3.430070844701042,3.430070844701042
2017-08-16 03:00:00,29.46,29.21077897644301,0.24922102355699138,0.24922102355699138
2017-08-16 04:00:00,33.573,31.41001774545487,2.162982254545131,2.162982254545131
2017-08-16 05:00:00,45.794,44.71160665126097,1.082393348739025,1.082393348739025
2017-08-16 06:00:00,43.95399999999999,46.130033275758315,-2.1760332757583214,2.1760332757583214
2017-08-16 07:00:00,36.694,36.146608041476966,0.5473919585230362,0.5473919585230362
2017-08-16 08:00:00,29.43,27.921001883096384,1.5089981169036157,1.5089981169036157
2017-08-16 09:00:00,30.546,28.847063978871688,1.6989360211283113,1.6989360211283113
2017-08-16 10:00:00,26.966,28.34666500386162,-1.380665003861619,1.380665003861619
2017-08-16 11:00:00,26.763,26.743789367561877,0.019210632438124264,0.019210632438124264
2017-08-16 12:00:00,26.657,26.677985422808263,-0.020985422808262655,0.020985422808262655
2017-08-16 13:00:00,26.537,26.463950916703062,0.0730490832969366,0.0730490832969366
2017-08-16 14:00:00,26.823,27.026035354189105,-0.20303535418910457,0.20303535418910457
2017-08-16 15:00:00,28.659,27.23806066604791,1.420939333952088,1.420939333952088
2017-08-16 16:00:00,28.608,32.91000555562203,-4.302005555622028,4.302005555622028
2017-08-16 17:00:00,40.049,39.75009254808093,0.29890745191907087,0.29890745191907087
2017-08-16 18:00:00,47.872,45.77542004668985,2.0965799533101475,2.0965799533101475
2017-08-16 19:00:00,47.00899999999999,46.59439124249083,0.41460875750916415,0.41460875750916415
2017-08-16 20:00:00,40.274,38.73909733023656,1.53490266976344,1.53490266976344
2017-08-16 21:00:00,23.519,27.456721366653223,-3.937721366653225,3.937721366653225
2017-08-16 22:00:00,21.315,22.93361273003205,-1.6186127300320479,1.6186127300320479
2017-08-16 23:00:00,20.657,21.44830976417414,-0.7913097641741409,0.7913097641741409
2017-08-17 00:00:00,20.306,20.60307822365344,-0.2970782236534397,0.2970782236534397
2017-08-17 01:00:00,20.15,20.282608648102983,-0.132608648102984,0.132608648102984
2017-08-17 02:00:00,25.658,23.87047273767565,1.7875272623243497,1.7875272623243497
2017-08-17 03:00:00,27.588,28.054095461470357,-0.4660954614703563,0.4660954614703563
2017-08-17 04:00:00,30.169,32.000180176899754,-1.8311801768997533,1.8311801768997533
2017-08-17 05:00:00,42.538,42.51071495080775,0.02728504919224406,0.02728504919224406
2017-08-17 06:00:00,42.792,44.44500127470292,-1.6530012747029161,1.6530012747029161
2017-08-17 07:00:00,31.329,37.44431981707046,-6.115319817070457,6.115319817070457
2017-08-17 08:00:00,26.243,26.90362356866096,-0.660623568660963,0.660623568660963
2017-08-17 09:00:00,31.29,28.11622317105365,3.173776828946348,3.173776828946348
2017-08-17 10:00:00,27.159,28.149932845820675,-0.9909328458206765,0.9909328458206765
2017-08-17 11:00:00,26.178,26.90019063450403,-0.7221906345040274,0.7221906345040274
2017-08-17 12:00:00,25.616,26.23945192030905,-0.6234519203090514,0.6234519203090514
2017-08-17 13:00:00,25.332,25.73233313037921,-0.4003331303792095,0.4003331303792095
2017-08-17 14:00:00,25.046,25.97731359193346,-0.9313135919334599,0.9313135919334599
2017-08-17 15:00:00,25.995,26.090848886762107,-0.09584888676210568,0.09584888676210568
2017-08-17 16:00:00,28.706,29.29298260017753,-0.5869826001775316,0.5869826001775316
2017-08-17 17:00:00,42.826,40.95222762181283,1.8737723781871694,1.8737723781871694
2017-08-17 18:00:00,45.411,45.71645868226625,-0.3054586822662486,0.3054586822662486
2017-08-17 19:00:00,43.208,44.74247673225938,-1.5344767322593782,1.5344767322593782
2017-08-17 20:00:00,23.479,37.497003846516435,-14.018003846516436,14.018003846516436
2017-08-17 21:00:00,21.142,22.967477311166235,-1.8254773111662352,1.8254773111662352
2017-08-17 22:00:00,21.256,20.376585911061632,0.8794140889383684,0.8794140889383684
2017-08-17 23:00:00,21.403,20.711094356508802,0.6919056434911965,0.6919056434911965
2017-08-18 00:00:00,20.795,20.932937110662564,-0.13793711066256265,0.13793711066256265
2017-08-18 01:00:00,20.311,20.93628151807645,-0.6252815180764486,0.6252815180764486
2017-08-18 02:00:00,26.447,23.117532188332135,3.3294678116678647,3.3294678116678647
2017-08-18 03:00:00,27.126,27.854157008302366,-0.7281570083023645,0.7281570083023645
2017-08-18 04:00:00,31.64,28.943956202079697,2.6960437979203036,2.6960437979203036
2017-08-18 05:00:00,45.12300000000001,41.26103857463133,3.8619614253686834,3.8619614253686834
2017-08-18 06:00:00,43.885,43.249074424197545,0.6359255758024531,0.6359255758024531
2017-08-18 07:00:00,34.957,35.70917247681626,-0.7521724768162628,0.7521724768162628
2017-08-18 08:00:00,29.17,26.203368662591764,2.966631337408238,2.966631337408238
2017-08-18 09:00:00,29.428,29.16135683283574,0.2666431671642613,0.2666431671642613
2017-08-18 10:00:00,25.476,27.533045989231155,-2.057045989231156,2.057045989231156
2017-08-18 11:00:00,26.35,25.49332025370262,0.856679746297381,0.856679746297381
2017-08-18 12:00:00,26.032,25.87592111739825,0.15607888260175073,0.15607888260175073
2017-08-18 13:00:00,26.767,25.771868116130946,0.9951318838690533,0.9951318838690533
2017-08-18 14:00:00,25.943,26.261118070012603,-0.31811807001260206,0.31811807001260206
2017-08-18 15:00:00,25.333,26.52308249518485,-1.1900824951848499,1.1900824951848499
2017-08-18 16:00:00,27.986,28.912498245146203,-0.9264982451462025,0.9264982451462025
2017-08-18 17:00:00,38.675,39.69372208377862,-1.01872208377862,1.01872208377862
2017-08-18 18:00:00,46.433,44.143654535252296,2.2893454647477043,2.2893454647477043
2017-08-18 19:00:00,43.96,44.93699351716295,-0.9769935171629527,0.9769935171629527
2017-08-18 20:00:00,28.368,34.50340459173589,-6.135404591735888,6.135404591735888
2017-08-18 21:00:00,22.739,23.83794406643442,-1.09894406643442,1.09894406643442
2017-08-18 22:00:00,22.591,21.434364483202195,1.156635516797806,1.156635516797806
2017-08-18 23:00:00,21.61,21.281613595495184,0.3283864045048155,0.3283864045048155
2017-08-19 00:00:00,21.373,21.009551273902915,0.36344872609708645,0.36344872609708645
2017-08-19 01:00:00,21.294,21.000816054504593,0.29318394549540727,0.29318394549540727
2017-08-19 02:00:00,21.514,23.125565499013018,-1.6115654990130182,1.6115654990130182
2017-08-19 03:00:00,21.324,23.223958262976065,-1.8999582629760638,1.8999582629760638
2017-08-19 04:00:00,26.355,25.944754816785235,0.4102451832147658,0.4102451832147658
2017-08-19 05:00:00,37.861,37.46231431071431,0.39868568928568493,0.39868568928568493
2017-08-19 06:00:00,46.347,42.884775340172155,3.4622246598278466,3.4622246598278466
2017-08-19 07:00:00,43.874,43.85864604671177,0.015353953288233413,0.015353953288233413
2017-08-19 08:00:00,31.913,34.21598755181993,-2.3029875518199283,2.3029875518199283
2017-08-19 09:00:00,30.919,26.19125843432963,4.727741565670371,4.727741565670371
2017-08-19 10:00:00,27.06900000000001,27.482593046885462,-0.4135930468854525,0.4135930468854525
2017-08-19 11:00:00,25.644,26.378165711209306,-0.7341657112093074,0.7341657112093074
2017-08-19 12:00:00,25.722,25.183084181571083,0.5389158184289187,0.5389158184289187
2017-08-19 13:00:00,25.888,25.522368792030388,0.36563120796961357,0.36563120796961357
2017-08-19 14:00:00,27.014,25.868732704071856,1.145267295928143,1.145267295928143
2017-08-19 15:00:00,27.331,26.58095673672182,0.7500432632781795,0.7500432632781795
2017-08-19 16:00:00,30.731,29.890703052421713,0.8402969475782882,0.8402969475782882
2017-08-19 17:00:00,45.885,41.394016749709785,4.490983250290213,4.490983250290213
2017-08-19 18:00:00,48.03,46.45601172010432,1.57398827989568,1.57398827989568
2017-08-19 19:00:00,43.40600000000001,46.25597225725906,-2.849972257259047,2.849972257259047
2017-08-19 20:00:00,26.938,33.750674614458056,-6.812674614458057,6.812674614458057
2017-08-19 21:00:00,23.487,23.437447952073246,0.04955204792675261,0.04955204792675261
2017-08-19 22:00:00,23.124,22.50438531022942,0.6196146897705788,0.6196146897705788
2017-08-19 23:00:00,23.035,21.842502247550797,1.1924977524492029,1.1924977524492029
2017-08-20 00:00:00,21.928,22.31633027112382,-0.3883302711238201,0.3883302711238201
2017-08-20 01:00:00,21.954,21.463321545919587,0.4906784540804132,0.4906784540804132
2017-08-20 02:00:00,21.908,21.870967359059954,0.037032640940047656,0.037032640940047656
2017-08-20 03:00:00,21.938,21.74478661897548,0.19321338102452046,0.19321338102452046
2017-08-20 04:00:00,26.053,25.512938734226267,0.5400612657737334,0.5400612657737334
2017-08-20 05:00:00,42.526,38.43630101914677,4.089698980853235,4.089698980853235
2017-08-20 06:00:00,45.44300000000001,45.417558859830436,0.025441140169576215,0.025441140169576215
2017-08-20 07:00:00,43.922,41.91044382531129,2.0115561746887067,2.0115561746887067
2017-08-20 08:00:00,37.148,34.5887223614343,2.5592776385657032,2.5592776385657032
2017-08-20 09:00:00,29.13,28.926691999374313,0.203308000625686,0.203308000625686
2017-08-20 10:00:00,26.129,27.06301958915196,-0.9340195891519585,0.9340195891519585
2017-08-20 11:00:00,25.315,25.589261263422355,-0.27426126342235335,0.27426126342235335
2017-08-20 12:00:00,25.813,25.0875860162471,0.7254139837528975,0.7254139837528975
2017-08-20 13:00:00,26.193,25.424189902011562,0.7688100979884389,0.7688100979884389
2017-08-20 14:00:00,26.142,26.048315777842877,0.09368422215712258,0.09368422215712258
2017-08-20 15:00:00,26.121,26.32680360422334,-0.2058036042233411,0.2058036042233411
2017-08-20 16:00:00,29.446,30.28515532544045,-0.8391553254404478,0.8391553254404478
2017-08-20 17:00:00,42.987,41.75948969371578,1.2275103062842234,1.2275103062842234
2017-08-20 18:00:00,47.527,45.53243780919627,1.9945621908037339,1.9945621908037339
2017-08-20 19:00:00,43.907,46.20429491100481,-2.297294911004812,2.297294911004812
2017-08-20 20:00:00,28.674,33.95098232082594,-5.276982320825944,5.276982320825944
2017-08-20 21:00:00,22.795,24.458346240162133,-1.6633462401621308,1.6633462401621308
2017-08-20 22:00:00,23.15,22.25878963571932,0.8912103642806777,0.8912103642806777
2017-08-20 23:00:00,22.564,22.339985262426715,0.2240147375732846,0.2240147375732846
2017-08-21 00:00:00,21.739,21.76323273621303,-0.024232736213029682,0.024232736213029682
2017-08-21 01:00:00,21.51,21.73798492286783,-0.22798492286782945,0.22798492286782945
2017-08-21 02:00:00,21.489,22.998600811410846,-1.509600811410845,1.509600811410845
2017-08-21 03:00:00,21.733,23.55453076463598,-1.8215307646359804,1.8215307646359804
2017-08-21 04:00:00,27.117,25.724233388874538,1.392766611125463,1.392766611125463
2017-08-21 05:00:00,36.962,39.12018847521882,-2.1581884752188145,2.1581884752188145
2017-08-21 06:00:00,45.973,45.535204905013416,0.4377950949865834,0.4377950949865834
2017-08-21 07:00:00,39.213,43.67292239454141,-4.459922394541408,4.459922394541408
2017-08-21 08:00:00,30.794,30.586503772977984,0.2074962270220162,0.2074962270220162
2017-08-21 09:00:00,28.5,28.18184242794742,0.31815757205258066,0.31815757205258066
2017-08-21 10:00:00,25.31900000000001,27.935303441425024,-2.616303441425014,2.616303441425014
2017-08-21 11:00:00,24.91800000000001,25.503461212122883,-0.5854612121228726,0.5854612121228726
2017-08-21 12:00:00,26.581,25.359142084943862,1.2218579150561375,1.2218579150561375
2017-08-21 13:00:00,26.821,26.775328113078167,0.045671886921834215,0.045671886921834215
2017-08-21 14:00:00,26.833,27.044946175476298,-0.21194617547629946,0.21194617547629946
2017-08-21 15:00:00,28.208,27.09325668371188,1.11474331628812,1.11474331628812
2017-08-21 16:00:00,31.47300000000001,30.83402062652896,0.6389793734710487,0.6389793734710487
2017-08-21 17:00:00,43.955,43.08545541401437,0.8695445859856292,0.8695445859856292
2017-08-21 18:00:00,47.092,46.272276748605734,0.8197232513942652,0.8197232513942652
2017-08-21 19:00:00,44.957,45.6032791146304,-0.6462791146304028,0.6462791146304028
2017-08-21 20:00:00,27.199,35.134712045735824,-7.935712045735823,7.935712045735823
2017-08-21 21:00:00,21.135,23.793748901636498,-2.6587489016364962,2.6587489016364962
2017-08-21 22:00:00,22.122,20.971979484166777,1.1500205158332228,1.1500205158332228
2017-08-21 23:00:00,21.478,21.391372999915045,0.08662700008495605,0.08662700008495605
2017-08-22 00:00:00,21.01,21.126358880775648,-0.11635888077564616,0.11635888077564616
2017-08-22 01:00:00,20.787,21.149598302403867,-0.3625983024038675,0.3625983024038675
2017-08-22 02:00:00,24.81900000000001,22.083829288251675,2.735170711748335,2.735170711748335
2017-08-22 03:00:00,26.892,25.95148928804556,0.9405107119544382,0.9405107119544382
2017-08-22 04:00:00,33.546,29.663013149619648,3.8829868503803517,3.8829868503803517
2017-08-22 05:00:00,44.757,44.68419629837007,0.07280370162992966,0.07280370162992966
2017-08-22 06:00:00,43.515,45.7481419837762,-2.2331419837762,2.2331419837762
2017-08-22 07:00:00,33.399,36.76001338987808,-3.3610133898780816,3.3610133898780816
2017-08-22 08:00:00,29.56,26.945931510970077,2.614068489029922,2.614068489029922
2017-08-22 09:00:00,29.414,28.436084623807314,0.9779153761926871,0.9779153761926871
2017-08-22 10:00:00,25.654,27.563711268106083,-1.9097112681060828,1.9097112681060828
2017-08-22 11:00:00,25.049,25.360047507264657,-0.31104750726465724,0.31104750726465724
2017-08-22 12:00:00,25.233,25.47154683526742,-0.23854683526742093,0.23854683526742093
2017-08-22 13:00:00,25.238000000000003,25.662089073404978,-0.4240890734049749,0.4240890734049749
2017-08-22 14:00:00,25.095,26.038373821813206,-0.9433738218132071,0.9433738218132071
2017-08-22 15:00:00,25.748,26.43583897058405,-0.6878389705840497,0.6878389705840497
2017-08-22 16:00:00,29.385,30.872573703666202,-1.4875737036662002,1.4875737036662002
2017-08-22 17:00:00,39.056,40.96319320889786,-1.9071932088978656,1.9071932088978656
2017-08-22 18:00:00,47.176,45.08955454477615,2.0864454552238527,2.0864454552238527
2017-08-22 19:00:00,43.658,45.884690513087385,-2.2266905130873837,2.2266905130873837
2017-08-22 20:00:00,30.781,33.088938405629094,-2.307938405629095,2.307938405629095
2017-08-22 21:00:00,22.638,23.87294270276529,-1.234942702765288,1.234942702765288
2017-08-22 22:00:00,22.725,21.38631339202581,1.3386866079741928,1.3386866079741928
2017-08-22 23:00:00,22.845,21.45530142980837,1.38969857019163,1.38969857019163
2017-08-23 00:00:00,22.217,21.643741312890814,0.5732586871091847,0.5732586871091847
2017-08-23 01:00:00,21.76,21.925648484908827,-0.1656484849088251,0.1656484849088251
2017-08-23 02:00:00,24.195,24.055418245797995,0.13958175420200547,0.13958175420200547
2017-08-23 03:00:00,27.795,26.246273559176046,1.5487264408239554,1.5487264408239554
2017-08-23 04:00:00,30.985,33.151890303483476,-2.166890303483477,2.166890303483477
2017-08-23 05:00:00,40.653,41.68813783942937,-1.0351378394293747,1.0351378394293747
2017-08-23 06:00:00,44.685,43.70148537360856,0.9835146263914396,0.9835146263914396
2017-08-23 07:00:00,35.831,40.72519974545576,-4.894199745455758,4.894199745455758
2017-08-23 08:00:00,26.605,27.004519973957745,-0.3995199739577444,0.3995199739577444
2017-08-23 09:00:00,31.49,28.380983930133432,3.1090160698665663,3.1090160698665663
2017-08-23 10:00:00,24.907,28.55123599849179,-3.6442359984917907,3.6442359984917907
2017-08-23 11:00:00,24.8,25.32795284171652,-0.5279528417165196,0.5279528417165196
2017-08-23 12:00:00,25.057,25.326639828588586,-0.2696398285885877,0.2696398285885877
2017-08-23 13:00:00,24.982,25.532660277384593,-0.5506602773845941,0.5506602773845941
2017-08-23 14:00:00,25.0,25.527479016089945,-0.527479016089945,0.527479016089945
2017-08-23 15:00:00,26.412,25.794189018056745,0.6178109819432542,0.6178109819432542
2017-08-23 16:00:00,31.765,29.669393165957164,2.0956068340428367,2.0956068340428367
2017-08-23 17:00:00,45.465,41.70542779575813,3.75957220424187,3.75957220424187
2017-08-23 18:00:00,46.959,46.27871509713706,0.6802849028629439,0.6802849028629439
2017-08-23 19:00:00,39.215,44.65734539872835,-5.442345398728349,5.442345398728349
2017-08-23 20:00:00,24.55,30.199997087281897,-5.649997087281896,5.649997087281896
2017-08-23 21:00:00,22.438,22.88920540435712,-0.45120540435712186,0.45120540435712186
2017-08-23 22:00:00,22.61,21.716220890350364,0.8937791096496355,0.8937791096496355
2017-08-23 23:00:00,21.737,21.6178046016563,0.11919539834369886,0.11919539834369886
2017-08-24 00:00:00,21.269,21.30242572937652,-0.03342572937652122,0.03342572937652122
2017-08-24 01:00:00,20.899,21.43369337027624,-0.5346933702762406,0.5346933702762406
2017-08-24 02:00:00,26.042,22.856884690917866,3.1851153090821356,3.1851153090821356
2017-08-24 03:00:00,27.692,28.266857639170944,-0.5748576391709435,0.5748576391709435
2017-08-24 04:00:00,33.852,30.47845395350843,3.3735460464915654,3.3735460464915654
2017-08-24 05:00:00,45.521,43.7692247082543,1.7517752917457017,1.7517752917457017
2017-08-24 06:00:00,44.09,44.71436599865452,-0.6243659986545183,0.6243659986545183
2017-08-24 07:00:00,35.118,35.54148127518209,-0.4234812751820911,0.4234812751820911
2017-08-24 08:00:00,31.237,25.681631661038534,5.555368338961465,5.555368338961465
2017-08-24 09:00:00,28.985,30.278679472941093,-1.2936794729410934,1.2936794729410934
2017-08-24 10:00:00,26.392,27.24349373512132,-0.8514937351213199,0.8514937351213199
2017-08-24 11:00:00,26.534,25.58750910418785,0.9464908958121505,0.9464908958121505
2017-08-24 12:00:00,28.24,25.876037724706777,2.363962275293222,2.363962275293222
2017-08-24 13:00:00,25.799,26.880881648566035,-1.0818816485660356,1.0818816485660356
2017-08-24 14:00:00,26.03,25.713068075903827,0.3169319240961741,0.3169319240961741
2017-08-24 15:00:00,26.012,26.421695683803495,-0.40969568380349486,0.40969568380349486
2017-08-24 16:00:00,28.529,30.681549616286773,-2.152549616286773,2.152549616286773
2017-08-24 17:00:00,40.256,39.90140889859348,0.3545911014065197,0.3545911014065197
2017-08-24 18:00:00,46.22,45.379511696969516,0.840488303030483,0.840488303030483
2017-08-24 19:00:00,39.644,43.24397841196278,-3.5999784119627805,3.5999784119627805
2017-08-24 20:00:00,23.866,29.206986896224,-5.340986896223999,5.340986896223999
2017-08-24 21:00:00,22.881,22.175683924743073,0.7053160752569276,0.7053160752569276
2017-08-24 22:00:00,22.932,21.533191778960855,1.3988082210391433,1.3988082210391433
2017-08-24 23:00:00,22.048,21.21341645965681,0.8345835403431892,0.8345835403431892
2017-08-25 00:00:00,21.913,21.082510384986303,0.8304896150136969,0.8304896150136969
2017-08-25 01:00:00,21.754,21.467040255442225,0.28695974455777673,0.28695974455777673
2017-08-25 02:00:00,26.308000000000003,24.231143187698404,2.0768568123015996,2.0768568123015996
2017-08-25 03:00:00,28.135,28.053710372231034,0.08128962776896742,0.08128962776896742
2017-08-25 04:00:00,30.801,32.31240806620492,-1.5114080662049183,1.5114080662049183
2017-08-25 05:00:00,43.058,41.5300499245625,1.5279500754375022,1.5279500754375022
2017-08-25 06:00:00,44.00899999999999,44.02635441837274,-0.017354418372747205,0.017354418372747205
2017-08-25 07:00:00,34.477,36.44019735941558,-1.963197359415581,1.963197359415581
2017-08-25 08:00:00,29.202,26.729269078321813,2.4727309216781883,2.4727309216781883
2017-08-25 09:00:00,32.438,27.69087273738138,4.747127262618623,4.747127262618623
2017-08-25 10:00:00,27.532,28.703296401151547,-1.1712964011515474,1.1712964011515474
2017-08-25 11:00:00,26.512,26.984547590982356,-0.4725475909823551,0.4725475909823551
2017-08-25 12:00:00,26.958,26.46105772365727,0.4969422763427289,0.4969422763427289
2017-08-25 13:00:00,26.018,26.334777062195244,-0.3167770621952428,0.3167770621952428
2017-08-25 14:00:00,24.804,26.078177529752185,-1.274177529752187,1.274177529752187
2017-08-25 15:00:00,26.053,25.143334854444678,0.9096651455553229,0.9096651455553229
2017-08-25 16:00:00,28.071,28.887255379330497,-0.8162553793304959,0.8162553793304959
2017-08-25 17:00:00,38.201,39.45061987350081,-1.2496198735008122,1.2496198735008122
2017-08-25 18:00:00,45.081,45.65990265779533,-0.5789026577953251,0.5789026577953251
2017-08-25 19:00:00,43.595,43.164813682364944,0.4301863176350551,0.4301863176350551
2017-08-25 20:00:00,25.171,33.464235031175605,-8.293235031175605,8.293235031175605
2017-08-25 21:00:00,21.971,22.894689303777653,-0.9236893037776532,0.9236893037776532
2017-08-25 22:00:00,21.906,21.297225562290762,0.6087744377092363,0.6087744377092363
2017-08-25 23:00:00,20.928,21.059226138075605,-0.13122613807560413,0.13122613807560413
2017-08-26 00:00:00,20.906,20.31703559047776,0.5889644095222373,0.5889644095222373
2017-08-26 01:00:00,20.905,20.707505670237857,0.19749432976214365,0.19749432976214365
2017-08-26 02:00:00,20.894,22.76660439216684,-1.872604392166842,1.872604392166842
2017-08-26 03:00:00,20.934,23.36285098428159,-2.4288509842815884,2.4288509842815884
2017-08-26 04:00:00,25.608,24.667539605401103,0.9404603945988974,0.9404603945988974
2017-08-26 05:00:00,41.508,37.45954381621933,4.048456183780672,4.048456183780672
2017-08-26 06:00:00,44.622,43.713133695563776,0.9088663044362235,0.9088663044362235
2017-08-26 07:00:00,41.118,41.91554626416973,-0.7975462641697249,0.7975462641697249
2017-08-26 08:00:00,31.539,29.8710250450163,1.667974954983702,1.667974954983702
2017-08-26 09:00:00,24.895,27.767266333799977,-2.8722663337999776,2.8722663337999776
2017-08-26 10:00:00,23.656,25.230034506340928,-1.5740345063409293,1.5740345063409293
2017-08-26 11:00:00,23.539,24.191004168495432,-0.6520041684954307,0.6520041684954307
2017-08-26 12:00:00,23.295,24.007666669281505,-0.7126666692815036,0.7126666692815036
2017-08-26 13:00:00,23.439,23.848381332983262,-0.40938133298326207,0.40938133298326207
2017-08-26 14:00:00,23.275,24.22465320974965,-0.949653209749652,0.949653209749652
2017-08-26 15:00:00,25.404,24.472532437808233,0.9314675621917665,0.9314675621917665
2017-08-26 16:00:00,27.732,28.361809137338835,-0.6298091373388353,0.6298091373388353
2017-08-26 17:00:00,38.863,39.20919612933338,-0.3461961293333786,0.3461961293333786
2017-08-26 18:00:00,45.964,44.117253294492784,1.8467467055072149,1.8467467055072149
2017-08-26 19:00:00,41.239,44.88014530864408,-3.6411453086440844,3.6411453086440844
2017-08-26 20:00:00,27.076,32.33935659717944,-5.263356597179438,5.263356597179438
2017-08-26 21:00:00,23.862,22.88889581620336,0.9731041837966394,0.9731041837966394
2017-08-26 22:00:00,23.697,22.215361632733273,1.4816383672667257,1.4816383672667257
2017-08-26 23:00:00,23.656,22.08033381740923,1.5756661825907692,1.5756661825907692
2017-08-27 00:00:00,23.516,22.428110243770192,1.0878897562298064,1.0878897562298064
2017-08-27 01:00:00,23.693,22.61935368265591,1.0736463173440924,1.0736463173440924
2017-08-27 02:00:00,23.439,23.02523291305409,0.41376708694591,0.41376708694591
2017-08-27 03:00:00,23.547,22.915574893576103,0.6314251064238974,0.6314251064238974
2017-08-27 04:00:00,27.017,25.862935522358946,1.1540644776410538,1.1540644776410538
2017-08-27 05:00:00,36.791,38.757084157529754,-1.9660841575297567,1.9660841575297567
2017-08-27 06:00:00,45.953,43.208498559308985,2.7445014406910175,2.7445014406910175
2017-08-27 07:00:00,40.505,43.74438421811161,-3.23938421811161,3.23938421811161
2017-08-27 08:00:00,32.565,31.37219873757354,1.1928012624264568,1.1928012624264568
2017-08-27 09:00:00,24.943,25.79712861974644,-0.8541286197464402,0.8541286197464402
2017-08-27 10:00:00,25.477,24.626796155226756,0.8502038447732438,0.8502038447732438
2017-08-27 11:00:00,23.314,24.71459809699219,-1.4005980969921907,1.4005980969921907
2017-08-27 12:00:00,23.807,23.382142282139377,0.4248577178606219,0.4248577178606219
2017-08-27 13:00:00,23.966,23.910104230951863,0.05589576904813853,0.05589576904813853
2017-08-27 14:00:00,24.24,23.943479784489973,0.29652021551002505,0.29652021551002505
2017-08-27 15:00:00,23.803,24.403510722312163,-0.600510722312162,0.600510722312162
2017-08-27 16:00:00,30.028,26.95008229349489,3.077917706505108,3.077917706505108
2017-08-27 17:00:00,43.549,40.112868125020114,3.4361318749798855,3.4361318749798855
2017-08-27 18:00:00,46.167,43.74333455707526,2.4236654429247437,2.4236654429247437
2017-08-27 19:00:00,39.378,43.15094993452562,-3.77294993452562,3.77294993452562
2017-08-27 20:00:00,23.459,28.506191613640976,-5.047191613640976,5.047191613640976
2017-08-27 21:00:00,22.649,22.38158392045933,0.2674160795406699,0.2674160795406699
2017-08-27 22:00:00,22.937,21.990329088456576,0.9466709115434249,0.9466709115434249
2017-08-27 23:00:00,22.81900000000001,21.98776385270155,0.8312361472984584,0.8312361472984584
2017-08-28 00:00:00,22.88300000000001,22.49859619758913,0.3844038024108798,0.3844038024108798
2017-08-28 01:00:00,22.856,22.92303460673212,-0.06703460673211836,0.06703460673211836
2017-08-28 02:00:00,27.774,23.916541252155398,3.8574587478446034,3.8574587478446034
2017-08-28 03:00:00,30.137,28.493235002456064,1.6437649975439363,1.6437649975439363
2017-08-28 04:00:00,34.976,29.656521896350338,5.3194781036496614,5.3194781036496614
2017-08-28 05:00:00,46.18,43.990379052223936,2.1896209477760635,2.1896209477760635
2017-08-28 06:00:00,44.315,46.31248486379,-1.9974848637899996,1.9974848637899996
2017-08-28 07:00:00,31.516,38.12278935275447,-6.606789352754468,6.606789352754468
2017-08-28 08:00:00,32.482,27.7628754670748,4.7191245329252,4.7191245329252
2017-08-28 09:00:00,28.726,29.62916103217988,-0.9031610321798809,0.9031610321798809
2017-08-28 10:00:00,26.581,27.502973170896965,-0.9219731708969654,0.9219731708969654
2017-08-28 11:00:00,28.911,25.88711073789824,3.0238892621017612,3.0238892621017612
2017-08-28 12:00:00,26.622,27.351580560137368,-0.7295805601373679,0.7295805601373679
2017-08-28 13:00:00,26.50800000000001,25.968045076759388,0.5399549232406216,0.5399549232406216
2017-08-28 14:00:00,26.583,26.292652804003126,0.29034719599687264,0.29034719599687264
2017-08-28 15:00:00,26.636,26.609322235975995,0.026677764024004347,0.026677764024004347
2017-08-28 16:00:00,28.611,31.25991123435193,-2.648911234351928,2.648911234351928
2017-08-28 17:00:00,36.679,40.88097954792916,-4.201979547929156,4.201979547929156
2017-08-28 18:00:00,46.49800000000001,45.89212560689493,0.6058743931050827,0.6058743931050827
2017-08-28 19:00:00,41.955,43.50965580261015,-1.5546558026101494,1.5546558026101494
2017-08-28 20:00:00,25.157,32.51787638842725,-7.360876388427247,7.360876388427247
2017-08-28 21:00:00,21.248,23.2046338847778,-1.9566338847777978,1.9566338847777978
2017-08-28 22:00:00,21.382,21.350271601700467,0.03172839829953489,0.03172839829953489
2017-08-28 23:00:00,20.158,21.362614780571683,-1.2046147805716814,1.2046147805716814
2017-08-29 00:00:00,20.019,20.148228782547015,-0.12922878254701686,0.12922878254701686
2017-08-29 01:00:00,20.079,20.570555361709637,-0.49155536170963643,0.49155536170963643
2017-08-29 02:00:00,27.517,23.961013828247484,3.555986171752515,3.555986171752515
2017-08-29 03:00:00,27.434,29.447598709306746,-2.013598709306745,2.013598709306745
2017-08-29 04:00:00,30.282,34.39940418004786,-4.11740418004786,4.11740418004786
2017-08-29 05:00:00,44.86600000000001,41.80862235204432,3.05737764795569,3.05737764795569
2017-08-29 06:00:00,43.448,43.94882999365869,-0.5008299936586909,0.5008299936586909
2017-08-29 07:00:00,33.736999999999995,34.856222929434516,-1.119222929434521,1.119222929434521
2017-08-29 08:00:00,28.515,27.450207947307703,1.0647920526922974,1.0647920526922974
2017-08-29 09:00:00,29.409,28.147775880597365,1.261224119402634,1.261224119402634
2017-08-29 10:00:00,27.058000000000003,27.563661321933196,-0.5056613219331929,0.5056613219331929
2017-08-29 11:00:00,28.744,27.21968233713704,1.524317662862959,1.524317662862959
2017-08-29 12:00:00,28.037,27.592754219026897,0.44424578097310174,0.44424578097310174
2017-08-29 13:00:00,28.54,27.02031395061882,1.5196860493811783,1.5196860493811783
2017-08-29 14:00:00,29.263,27.503996476124534,1.7590035238754673,1.7590035238754673
2017-08-29 15:00:00,28.612,28.014453289946303,0.5975467100536953,0.5975467100536953
2017-08-29 16:00:00,30.933000000000003,30.89627462523971,0.03672537476029447,0.03672537476029447
2017-08-29 17:00:00,46.331,41.835994670539456,4.495005329460547,4.495005329460547
2017-08-29 18:00:00,49.002,46.66141167276508,2.3405883272349257,2.3405883272349257
2017-08-29 19:00:00,41.525,46.32142527080825,-4.79642527080825,4.79642527080825
2017-08-29 20:00:00,26.457,31.60309561943421,-5.14609561943421,5.14609561943421
2017-08-29 21:00:00,26.284,23.183997549156587,3.1000024508434123,3.1000024508434123
2017-08-29 22:00:00,25.474,24.050782926983924,1.423217073016076,1.423217073016076
2017-08-29 23:00:00,24.702,23.593865143130284,1.108134856869718,1.108134856869718
2017-08-30 00:00:00,23.75,23.359814053704756,0.3901859462952437,0.3901859462952437
2017-08-30 01:00:00,23.52,23.05997828516305,0.4600217148369481,0.4600217148369481
2017-08-30 02:00:00,28.659,25.135418484331808,3.523581515668191,3.523581515668191
2017-08-30 03:00:00,29.67,30.102630691339343,-0.43263069133934096,0.43263069133934096
2017-08-30 04:00:00,37.732,31.188951042225302,6.5430489577746975,6.5430489577746975
2017-08-30 05:00:00,47.733,45.60205551192849,2.1309444880715063,2.1309444880715063
2017-08-30 06:00:00,44.978,47.548809443497454,-2.5708094434974527,2.5708094434974527
2017-08-30 07:00:00,31.0,37.07797508571591,-6.077975085715913,6.077975085715913
2017-08-30 08:00:00,29.862,27.24624541881863,2.615754581181367,2.615754581181367
2017-08-30 09:00:00,31.781,29.838005293963775,1.9429947060362238,1.9429947060362238
2017-08-30 10:00:00,30.12,29.302153843546392,0.8178461564536086,0.8178461564536086
2017-08-30 11:00:00,28.812,28.774949558761726,0.037050441238275056,0.037050441238275056
2017-08-30 12:00:00,29.579,28.395093487549293,1.183906512450708,1.183906512450708
2017-08-30 13:00:00,29.399,28.566133335161318,0.8328666648386829,0.8328666648386829
2017-08-30 14:00:00,29.467,29.061683974769664,0.4053160252303343,0.4053160252303343
2017-08-30 15:00:00,29.461,28.894178972172167,0.5668210278278316,0.5668210278278316
2017-08-30 16:00:00,32.128,32.464941880767505,-0.33694188076750464,0.33694188076750464
2017-08-30 17:00:00,42.438,43.16586500785484,-0.7278650078548381,0.7278650078548381
2017-08-30 18:00:00,48.328,47.070807786928505,1.257192213071498,1.257192213071498
2017-08-30 19:00:00,46.554,45.59699979254139,0.9570002074586128,0.9570002074586128
2017-08-30 20:00:00,30.341,35.608656582628235,-5.267656582628234,5.267656582628234
2017-08-30 21:00:00,24.908,26.460117126513968,-1.5521171265139664,1.5521171265139664
2017-08-30 22:00:00,24.789,24.23713486160689,0.5518651383931115,0.5518651383931115
2017-08-30 23:00:00,24.014,24.06565950883265,-0.05165950883264969,0.05165950883264969
2017-08-31 00:00:00,23.637,23.214164763665433,0.4228352363345671,0.4228352363345671
2017-08-31 01:00:00,23.61,23.572817175412535,0.03718282458746458,0.03718282458746458
2017-08-31 02:00:00,29.464,26.00398445768374,3.4600155423162597,3.4600155423162597
2017-08-31 03:00:00,29.646,30.46961804196698,-0.8236180419669807,0.8236180419669807
2017-08-31 04:00:00,32.996,36.66124217404961,-3.6652421740496095,3.6652421740496095
2017-08-31 05:00:00,45.54,43.16030962144935,2.3796903785506487,2.3796903785506487
2017-08-31 06:00:00,45.997,45.47419098529966,0.5228090147003428,0.5228090147003428
2017-08-31 07:00:00,33.455,38.18517659157591,-4.730176591575912,4.730176591575912
2017-08-31 08:00:00,27.871,28.25703294626632,-0.38603294626632234,0.38603294626632234
2017-08-31 09:00:00,32.191,29.040860483955584,3.150139516044419,3.150139516044419
2017-08-31 10:00:00,29.61,29.651929280545303,-0.04192928054530398,0.04192928054530398
2017-08-31 11:00:00,27.735,28.624122798129875,-0.8891227981298755,0.8891227981298755
2017-08-31 12:00:00,29.146,27.934262067164003,1.211737932835998,1.211737932835998
2017-08-31 13:00:00,29.797,28.530538255735205,1.2664617442647952,1.2664617442647952
2017-08-31 14:00:00,30.401,29.06446517506144,1.3365348249385605,1.3365348249385605
2017-08-31 15:00:00,29.32,29.572533244281455,-0.2525332442814552,0.2525332442814552
2017-08-31 16:00:00,30.775,32.10858427245563,-1.3335842724556315,1.3335842724556315
2017-08-31 17:00:00,35.621,41.96927031883604,-6.348270318836036,6.348270318836036
2017-08-31 18:00:00,35.79,44.83102507957526,-9.041025079575263,9.041025079575263
2017-08-31 19:00:00,46.042,41.48854844918016,4.553451550819844,4.553451550819844
2017-08-31 20:00:00,37.163,41.476755963359196,-4.313755963359199,4.313755963359199
2017-08-31 21:00:00,24.94400000000001,26.133592476903008,-1.1895924769029982,1.1895924769029982
2017-08-31 22:00:00,22.589,23.930646624486595,-1.3416466244865966,1.3416466244865966
2017-08-31 23:00:00,22.469,22.079505106943085,0.3894948930569164,0.3894948930569164
2017-09-01 00:00:00,22.366,22.186462839798047,0.17953716020195287,0.17953716020195287
2017-09-01 01:00:00,22.267,22.639340197543728,-0.3723401975437284,0.3723401975437284
2017-09-01 02:00:00,28.85,25.207703487368192,3.642296512631809,3.642296512631809
2017-09-01 03:00:00,29.58,29.589175545159293,-0.00917554515929453,0.00917554515929453
2017-09-01 04:00:00,35.776,32.04322014452771,3.7327798554722946,3.7327798554722946
2017-09-01 05:00:00,47.81100000000001,45.24014645240754,2.5708535475924705,2.5708535475924705
2017-09-01 06:00:00,45.599,47.9426423671067,-2.3436423671067033,2.3436423671067033
2017-09-01 07:00:00,32.154,37.10550423884413,-4.951504238844123,4.951504238844123
2017-09-01 08:00:00,28.784,27.23343236553437,1.5505676344656294,1.5505676344656294
2017-09-01 09:00:00,31.318,30.020852585333106,1.2971474146668953,1.2971474146668953
2017-09-01 10:00:00,27.28,29.093043911891634,-1.8130439118916328,1.8130439118916328
2017-09-01 11:00:00,27.228,27.085361168138746,0.14263883186125526,0.14263883186125526
2017-09-01 12:00:00,27.911,27.305097208521456,0.6059027914785453,0.6059027914785453
2017-09-01 13:00:00,26.39,27.568585506294063,-1.1785855062940627,1.1785855062940627
2017-09-01 14:00:00,26.066,26.775275714153654,-0.7092757141536552,0.7092757141536552
2017-09-01 15:00:00,26.369,27.048464995524906,-0.6794649955249064,0.6794649955249064
2017-09-01 16:00:00,30.126,29.042570765696496,1.0834292343035052,1.0834292343035052
2017-09-01 17:00:00,42.202,39.287004758145756,2.9149952418542426,2.9149952418542426
2017-09-01 18:00:00,48.2,44.460263344317454,3.739736655682549,3.739736655682549
2017-09-01 19:00:00,44.419,47.541138788606645,-3.122138788606648,3.122138788606648
2017-09-01 20:00:00,28.979,33.01252766987585,-4.033527669875852,4.033527669875852
2017-09-01 21:00:00,26.588,25.22353602742924,1.3644639725707606,1.3644639725707606
2017-09-01 22:00:00,27.191,24.762686621142223,2.4283133788577764,2.4283133788577764
2017-09-01 23:00:00,27.817,25.005646938061737,2.811353061938263,2.811353061938263
2017-09-02 00:00:00,26.858,26.168695238834594,0.6893047611654062,0.6893047611654062
2017-09-02 01:00:00,26.044,25.492273994131757,0.5517260058682432,0.5517260058682432
2017-09-02 02:00:00,24.857,26.30696716016877,-1.4499671601687716,1.4499671601687716
2017-09-02 03:00:00,24.754,25.431943895769912,-0.6779438957699107,0.6779438957699107
2017-09-02 04:00:00,27.943,28.80935551420993,-0.8663555142099284,0.8663555142099284
2017-09-02 05:00:00,39.199,38.841473296845564,0.35752670315443424,0.35752670315443424
2017-09-02 06:00:00,48.963,45.58820036204961,3.374799637950389,3.374799637950389
2017-09-02 07:00:00,43.701,47.37052065200058,-3.6695206520005783,3.6695206520005783
2017-09-02 08:00:00,31.70300000000001,33.27168770111281,-1.5686877011128004,1.5686877011128004
2017-09-02 09:00:00,31.21,27.765047693462286,3.444952306537715,3.444952306537715
2017-09-02 10:00:00,27.264,28.404714644047164,-1.140714644047165,1.140714644047165
2017-09-02 11:00:00,26.751,26.962164281233644,-0.21116428123364273,0.21116428123364273
2017-09-02 12:00:00,27.06900000000001,26.70855070962777,0.36044929037224094,0.36044929037224094
2017-09-02 13:00:00,27.323,26.7682664917751,0.5547335082248992,0.5547335082248992
2017-09-02 14:00:00,28.26,27.29682883798549,0.9631711620145111,0.9631711620145111
2017-09-02 15:00:00,28.033,27.721733429513336,0.31126657048666573,0.31126657048666573
2017-09-02 16:00:00,30.822,29.816648604809856,1.005351395190143,1.005351395190143
2017-09-02 17:00:00,42.877,41.3516357371173,1.5253642628827038,1.5253642628827038
2017-09-02 18:00:00,49.974,47.08476449930373,2.889235500696266,2.889235500696266
2017-09-02 19:00:00,44.645,49.44521219210405,-4.800212192104048,4.800212192104048
2017-09-02 20:00:00,28.69400000000001,33.70326437178625,-5.009264371786237,5.009264371786237
2017-09-02 21:00:00,27.267,25.608421878383844,1.6585781216161557,1.6585781216161557
2017-09-02 22:00:00,26.627,26.43513479197005,0.19186520802994877,0.19186520802994877
2017-09-02 23:00:00,26.841,26.375701663115365,0.4652983368846364,0.4652983368846364
2017-09-03 00:00:00,26.533,26.420539277866563,0.11246072213343794,0.11246072213343794
2017-09-03 01:00:00,26.566,26.425069604375604,0.14093039562439458,0.14093039562439458
2017-09-03 02:00:00,26.092,25.983961861461218,0.10803813853878097,0.10803813853878097
2017-09-03 03:00:00,27.692,25.317583674672445,2.374416325327555,2.374416325327555
2017-09-03 04:00:00,31.158,29.021241515384556,2.136758484615445,2.136758484615445
2017-09-03 05:00:00,47.31399999999999,40.68081110200799,6.6331888979919995,6.6331888979919995
2017-09-03 06:00:00,48.183,47.71891321297561,0.4640867870243923,0.4640867870243923
2017-09-03 07:00:00,39.56800000000001,45.17545029518227,-5.607450295182261,5.607450295182261
2017-09-03 08:00:00,32.423,30.56549548966479,1.857504510335211,1.857504510335211
2017-09-03 09:00:00,30.665,28.496512631563927,2.1684873684360717,2.1684873684360717
2017-09-03 10:00:00,30.933000000000003,28.928281569962813,2.0047184300371903,2.0047184300371903
2017-09-03 11:00:00,26.996,28.86843122808152,-1.8724312280815205,1.8724312280815205
2017-09-03 12:00:00,27.20300000000001,26.92661766086656,0.27638233913344834,0.27638233913344834
2017-09-03 13:00:00,27.761,26.96282550790344,0.7981744920965603,0.7981744920965603
2017-09-03 14:00:00,27.647,27.499516416278084,0.1474835837219146,0.1474835837219146
2017-09-03 15:00:00,27.264,27.5872907445294,-0.32329074452940176,0.32329074452940176
2017-09-03 16:00:00,32.313,30.43763957145225,1.8753604285477508,1.8753604285477508
2017-09-03 17:00:00,42.913,43.00376911821283,-0.09076911821283318,0.09076911821283318
2017-09-03 18:00:00,48.79,47.23431324229296,1.5556867577070363,1.5556867577070363
2017-09-03 19:00:00,45.345,47.0399857404197,-1.6949857404197033,1.6949857404197033
2017-09-03 20:00:00,30.605,33.363848472663584,-2.7588484726635834,2.7588484726635834
2017-09-03 21:00:00,24.938,26.520223725133604,-1.5822237251336055,1.5822237251336055
2017-09-03 22:00:00,24.923,24.303571103135084,0.619428896864914,0.619428896864914
2017-09-03 23:00:00,24.764,24.298244698910395,0.4657553010896045,0.4657553010896045
2017-09-04 00:00:00,24.834,24.7733992447898,0.06060075521019925,0.06060075521019925
2017-09-04 01:00:00,24.959,25.28254892088371,-0.32354892088370946,0.32354892088370946
2017-09-04 02:00:00,24.856,26.89009578988167,-2.0340957898816683,2.0340957898816683
2017-09-04 03:00:00,24.854,27.827423671889854,-2.9734236718898543,2.9734236718898543
2017-09-04 04:00:00,29.34,29.972229205887345,-0.6322292058873451,0.6322292058873451
2017-09-04 05:00:00,39.139,39.59056757923671,-0.4515675792367091,0.4515675792367091
2017-09-04 06:00:00,48.865,46.75534448907105,2.1096555109289525,2.1096555109289525
2017-09-04 07:00:00,43.222,43.81882022552095,-0.5968202255209505,0.5968202255209505
2017-09-04 08:00:00,32.927,31.365406972811744,1.5615930271882554,1.5615930271882554
2017-09-04 09:00:00,29.853,28.93898232151941,0.9140176784805902,0.9140176784805902
2017-09-04 10:00:00,28.303,28.730803990397423,-0.4278039903974218,0.4278039903974218
2017-09-04 11:00:00,27.592,28.537441889490857,-0.9454418894908585,0.9454418894908585
2017-09-04 12:00:00,27.108,27.556393164217532,-0.4483931642175314,0.4483931642175314
2017-09-04 13:00:00,27.06900000000001,27.307168276729076,-0.23816827672906626,0.23816827672906626
2017-09-04 14:00:00,26.95300000000001,27.636868317606165,-0.6838683176061551,0.6838683176061551
2017-09-04 15:00:00,27.45,27.788861801926103,-0.3388618019261038,0.3388618019261038
2017-09-04 16:00:00,29.324,31.016132811466907,-1.6921328114669052,1.6921328114669052
2017-09-04 17:00:00,35.54400000000001,40.08540515070029,-4.541405150700278,4.541405150700278
2017-09-04 18:00:00,35.549,44.5788646045954,-9.029864604595403,9.029864604595403
2017-09-04 19:00:00,32.304,40.244955409135564,-7.940955409135562,7.940955409135562
2017-09-04 20:00:00,25.607,28.260149417959997,-2.653149417959998,2.653149417959998
2017-09-04 21:00:00,23.439,24.00968328284207,-0.5706832828420687,0.5706832828420687
2017-09-04 22:00:00,23.901,22.867968655050976,1.0330313449490234,1.0330313449490234
2017-09-04 23:00:00,24.096,22.843018635282196,1.2529813647178045,1.2529813647178045
2017-09-05 00:00:00,22.524,23.498851555576522,-0.9748515555765209,0.9748515555765209
2017-09-05 01:00:00,23.371,22.821589872077713,0.549410127922286,0.549410127922286
2017-09-05 02:00:00,34.256,25.27207058504184,8.983929414958162,8.983929414958162
2017-09-05 03:00:00,34.28,32.11409212719134,2.16590787280866,2.16590787280866
2017-09-05 04:00:00,35.65,33.78863921230199,1.8613607876980112,1.8613607876980112
2017-09-05 05:00:00,45.136,41.99686209519105,3.1391379048089547,3.1391379048089547
2017-09-05 06:00:00,44.779,46.97614046667031,-2.197140466670305,2.197140466670305
2017-09-05 07:00:00,32.81,38.775914282715085,-5.965914282715083,5.965914282715083
2017-09-05 08:00:00,31.146,27.0895866229097,4.056413377090301,4.056413377090301
2017-09-05 09:00:00,32.213,28.9684282191017,3.2445717808983012,3.2445717808983012
2017-09-05 10:00:00,29.773000000000003,29.489906520898828,0.28309347910117566,0.28309347910117566
2017-09-05 11:00:00,29.86,28.61592450409858,1.24407549590142,1.24407549590142
2017-09-05 12:00:00,29.21,27.915579041279425,1.2944209587205755,1.2944209587205755
2017-09-05 13:00:00,28.65,28.195177129815143,0.4548228701848558,0.4548228701848558
2017-09-05 14:00:00,28.353,28.53463316952045,-0.18163316952044894,0.18163316952044894
2017-09-05 15:00:00,28.401,28.450584974688212,-0.04958497468821221,0.04958497468821221
2017-09-05 16:00:00,30.637,31.01656622941158,-0.37956622941158,0.37956622941158
2017-09-05 17:00:00,46.855,39.55033908561655,7.304660914383447,7.304660914383447
2017-09-05 18:00:00,46.602,45.91270807226151,0.6892919277384877,0.6892919277384877
2017-09-05 19:00:00,35.706,41.18308216343467,-5.477082163434666,5.477082163434666
2017-09-05 20:00:00,25.585,26.992846438818262,-1.407846438818261,1.407846438818261
2017-09-05 21:00:00,24.666,24.394369834957356,0.2716301650426445,0.2716301650426445
2017-09-05 22:00:00,24.861,24.433198964525438,0.4278010354745625,0.4278010354745625
2017-09-05 23:00:00,23.666,24.30992205339075,-0.6439220533907495,0.6439220533907495
2017-09-06 00:00:00,22.912,22.81861844259002,0.09338155740998033,0.09338155740998033
2017-09-06 01:00:00,22.207,22.831220063268713,-0.6242200632687123,0.6242200632687123
2017-09-06 02:00:00,27.447,26.213846691380304,1.2331533086196949,1.2331533086196949
2017-09-06 03:00:00,27.646,31.509300432338375,-3.8633004323383737,3.8633004323383737
2017-09-06 04:00:00,30.376,33.22207064121638,-2.8460706412163823,2.8460706412163823
2017-09-06 05:00:00,44.51300000000001,41.095569997368905,3.4174300026311073,3.4174300026311073
2017-09-06 06:00:00,43.42,45.30858788492145,-1.8885878849214492,1.8885878849214492
2017-09-06 07:00:00,31.74,35.12272232296856,-3.382722322968565,3.382722322968565
2017-09-06 08:00:00,28.735,26.65342127447392,2.0815787255260787,2.0815787255260787
2017-09-06 09:00:00,30.395,29.67089010417053,0.7241098958294678,0.7241098958294678
2017-09-06 10:00:00,27.565,29.220075877471817,-1.6550758774718162,1.6550758774718162
2017-09-06 11:00:00,28.226,28.110413681355585,0.11558631864441438,0.11558631864441438
2017-09-06 12:00:00,27.865,28.23477659018227,-0.3697765901822727,0.3697765901822727
2017-09-06 13:00:00,27.636,27.489884287040802,0.14611571295919745,0.14611571295919745
2017-09-06 14:00:00,29.827,27.82955789108913,1.997442108910871,1.997442108910871
2017-09-06 15:00:00,29.815,28.87745513858276,0.9375448614172406,0.9375448614172406
2017-09-06 16:00:00,36.187,32.193743700507454,3.9932562994925433,3.9932562994925433
2017-09-06 17:00:00,44.414,44.57848060458052,-0.16448060458051827,0.16448060458051827
2017-09-06 18:00:00,47.57,46.615720437726985,0.9542795622730154,0.9542795622730154
2017-09-06 19:00:00,41.909,44.742705923320095,-2.833705923320096,2.833705923320096
2017-09-06 20:00:00,29.777,31.659489298747673,-1.8824892987476716,1.8824892987476716
2017-09-06 21:00:00,23.191,25.161169221515948,-1.970169221515949,1.970169221515949
2017-09-06 22:00:00,22.892,23.18401644612203,-0.29201644612203026,0.29201644612203026
2017-09-06 23:00:00,22.716,22.261250664070005,0.45474933592999633,0.45474933592999633
2017-09-07 00:00:00,21.346,22.014169260827067,-0.6681692608270673,0.6681692608270673
2017-09-07 01:00:00,21.44,21.51466376229494,-0.07466376229493932,0.07466376229493932
2017-09-07 02:00:00,26.884,25.228996682511625,1.6550033174883758,1.6550033174883758
2017-09-07 03:00:00,26.822,28.7655161363056,-1.9435161363056004,1.9435161363056004
2017-09-07 04:00:00,33.604,30.140158507394613,3.463841492605386,3.463841492605386
2017-09-07 05:00:00,44.272,41.20092381466946,3.07107618533054,3.07107618533054
2017-09-07 06:00:00,42.846,43.89102681405847,-1.045026814058474,1.045026814058474
2017-09-07 07:00:00,26.761,35.15456294562408,-8.39356294562408,8.39356294562408
2017-09-07 08:00:00,28.342,26.583079347422835,1.7589206525771637,1.7589206525771637
2017-09-07 09:00:00,31.178,29.062799168111486,2.115200831888515,2.115200831888515
2017-09-07 10:00:00,26.86,28.989491412554067,-2.129491412554067,2.129491412554067
2017-09-07 11:00:00,26.609,27.261819355710045,-0.6528193557100437,0.6528193557100437
2017-09-07 12:00:00,28.21,27.167509987217272,1.0424900127827286,1.0424900127827286
2017-09-07 13:00:00,27.6,27.515127973167424,0.08487202683257777,0.08487202683257777
2017-09-07 14:00:00,28.708,28.45371379290628,0.25428620709371685,0.25428620709371685
2017-09-07 15:00:00,27.741,29.08886958662142,-1.347869586621421,1.347869586621421
2017-09-07 16:00:00,30.636,32.69362127075866,-2.0576212707586627,2.0576212707586627
2017-09-07 17:00:00,42.25100000000001,42.092267411182156,0.15873258881785546,0.15873258881785546
2017-09-07 18:00:00,47.506,44.839887833565314,2.6661121664346865,2.6661121664346865
2017-09-07 19:00:00,43.733,45.84616442180205,-2.113164421802054,2.113164421802054
2017-09-07 20:00:00,29.026,32.17115567944902,-3.1451556794490223,3.1451556794490223
2017-09-07 21:00:00,24.505,24.667253490840533,-0.1622534908405342,0.1622534908405342
2017-09-07 22:00:00,22.991,23.62494080820177,-0.6339408082017712,0.6339408082017712
2017-09-07 23:00:00,22.297,21.813194492622454,0.48380550737754646,0.48380550737754646
2017-09-08 00:00:00,22.167,21.545311256876946,0.6216887431230553,0.6216887431230553
2017-09-08 01:00:00,22.428,21.535053124936578,0.8929468750634229,0.8929468750634229
2017-09-08 02:00:00,29.692,25.268366714214935,4.4236332857850655,4.4236332857850655
2017-09-08 03:00:00,28.417,29.153044979383594,-0.7360449793835926,0.7360449793835926
2017-09-08 04:00:00,30.81900000000001,33.573191902919916,-2.7541919029199065,2.7541919029199065
2017-09-08 05:00:00,41.996,41.51224090776554,0.48375909223446456,0.48375909223446456
2017-09-08 06:00:00,43.096,42.78760893922316,0.30839106077683454,0.30839106077683454
2017-09-08 07:00:00,31.806,35.898194379181476,-4.092194379181475,4.092194379181475
2017-09-08 08:00:00,24.736,27.062360609858896,-2.326360609858895,2.326360609858895
2017-09-08 09:00:00,32.739000000000004,26.765841185407336,5.973158814592669,5.973158814592669
2017-09-08 10:00:00,25.464,28.971090746073124,-3.507090746073125,3.507090746073125
2017-09-08 11:00:00,26.676,25.79795578216595,0.8780442178340486,0.8780442178340486
2017-09-08 12:00:00,26.664,26.766202657003483,-0.10220265700348108,0.10220265700348108
2017-09-08 13:00:00,26.226,26.563250311561433,-0.3372503115614336,0.3372503115614336
2017-09-08 14:00:00,25.899,26.572372658183244,-0.6733726581832435,0.6733726581832435
2017-09-08 15:00:00,26.005,26.432415446966733,-0.4274154469667337,0.4274154469667337
2017-09-08 16:00:00,27.905,29.468114537809022,-1.563114537809021,1.563114537809021
2017-09-08 17:00:00,42.367,39.18152441157404,3.185475588425959,3.185475588425959
2017-09-08 18:00:00,46.106,45.239702968982385,0.8662970310176163,0.8662970310176163
2017-09-08 19:00:00,45.465,44.06439802734323,1.4006019726567729,1.4006019726567729
2017-09-08 20:00:00,29.986,33.82142747893724,-3.8354274789372376,3.8354274789372376
2017-09-08 21:00:00,26.216,23.954317138542525,2.2616828614574764,2.2616828614574764
2017-09-08 22:00:00,26.19,24.525556814278808,1.6644431857211934,1.6644431857211934
2017-09-08 23:00:00,25.053,23.96414219377135,1.0888578062286491,1.0888578062286491
2017-09-09 00:00:00,24.88300000000001,23.821851107317062,1.0611488926829473,1.0611488926829473
2017-09-09 01:00:00,24.768,23.671545615748933,1.096454384251068,1.096454384251068
2017-09-09 02:00:00,24.94,25.270487686585913,-0.33048768658591143,0.33048768658591143
2017-09-09 03:00:00,24.688,25.179821683320228,-0.4918216833202287,0.4918216833202287
2017-09-09 04:00:00,26.0,27.032648316106798,-1.0326483161067976,1.0326483161067976
2017-09-09 05:00:00,41.159,37.178124481788664,3.9808755182113345,3.9808755182113345
2017-09-09 06:00:00,43.752,42.947022231742714,0.8049777682572881,0.8049777682572881
2017-09-09 07:00:00,31.847,39.753126155925194,-7.906126155925193,7.906126155925193
2017-09-09 08:00:00,24.786,25.87990991329447,-1.0939099132944676,1.0939099132944676
2017-09-09 09:00:00,27.405,28.492548822370274,-1.0875488223702732,1.0875488223702732
2017-09-09 10:00:00,26.036,26.502780346607718,-0.4667803466077167,0.4667803466077167
2017-09-09 11:00:00,25.26,25.92725145866667,-0.6672514586666694,0.6672514586666694
2017-09-09 12:00:00,25.424,25.448529581410924,-0.024529581410924095,0.024529581410924095
2017-09-09 13:00:00,25.379,25.430623863208012,-0.051623863208011045,0.051623863208011045
2017-09-09 14:00:00,25.3,25.645270051396867,-0.3452700513968665,0.3452700513968665
2017-09-09 15:00:00,25.099,25.639672072562714,-0.5406720725627139,0.5406720725627139
2017-09-09 16:00:00,27.266,28.47974423968641,-1.213744239686413,1.213744239686413
2017-09-09 17:00:00,39.33,39.50796403754376,-0.17796403754375945,0.17796403754375945
2017-09-09 18:00:00,48.069,45.56921832884268,2.499781671157322,2.499781671157322
2017-09-09 19:00:00,46.409,46.922595497822314,-0.5135954978223154,0.5135954978223154
2017-09-09 20:00:00,32.639,34.86943713282303,-2.2304371328230275,2.2304371328230275
2017-09-09 21:00:00,24.6,24.32439976234844,0.27560023765156316,0.27560023765156316
2017-09-09 22:00:00,22.112,23.818658016336418,-1.7066580163364193,1.7066580163364193
2017-09-09 23:00:00,21.801,22.27020923059081,-0.4692092305908133,0.4692092305908133
2017-09-10 00:00:00,21.597,22.355727236065846,-0.7587272360658446,0.7587272360658446
2017-09-10 01:00:00,21.595,22.63366066841369,-1.0386606684136908,1.0386606684136908
2017-09-10 02:00:00,21.639,22.814313514601576,-1.1753135146015765,1.1753135146015765
2017-09-10 03:00:00,21.8,23.029311114499,-1.2293111144989979,1.2293111144989979
2017-09-10 04:00:00,24.354,25.6815368812631,-1.3275368812631,1.3275368812631
2017-09-10 05:00:00,33.806,36.24204888010857,-2.4360488801085722,2.4360488801085722
2017-09-10 06:00:00,45.969,42.398239582609264,3.570760417390737,3.570760417390737
2017-09-10 07:00:00,38.855,43.78458055323843,-4.929580553238431,4.929580553238431
2017-09-10 08:00:00,27.623,27.550585028445376,0.0724149715546254,0.0724149715546254
2017-09-10 09:00:00,29.506,26.885132250742867,2.6208677492571333,2.6208677492571333
2017-09-10 10:00:00,25.196,27.838666499298004,-2.6426664992980022,2.6426664992980022
2017-09-10 11:00:00,24.97300000000001,25.06544390992374,-0.09244390992373042,0.09244390992373042
2017-09-10 12:00:00,24.999,24.98320169350761,0.015798306492389003,0.015798306492389003
2017-09-10 13:00:00,25.245,24.98320169350761,0.2617983064923912,0.2617983064923912
2017-09-10 14:00:00,26.88300000000001,25.280588509244446,1.6024114907555642,1.6024114907555642
2017-09-10 15:00:00,28.486,25.894155636992323,2.5918443630076773,2.5918443630076773
2017-09-10 16:00:00,30.155,30.360471939968498,-0.205471939968497,0.205471939968497
2017-09-10 17:00:00,46.544,41.065440668601596,5.478559331398401,5.478559331398401
2017-09-10 18:00:00,47.372,46.83695697101496,0.5350430289850365,0.5350430289850365
2017-09-10 19:00:00,44.333,45.83786034514865,-1.50486034514865,1.50486034514865
2017-09-10 20:00:00,29.802,32.785932829819366,-2.9839328298193664,2.9839328298193664
2017-09-10 21:00:00,24.84800000000001,23.453388592116784,1.3946114078832252,1.3946114078832252
2017-09-10 22:00:00,22.936,22.91765758677691,0.018342413223088272,0.018342413223088272
2017-09-10 23:00:00,22.693,21.610055521174054,1.0829444788259472,1.0829444788259472
2017-09-11 00:00:00,22.725,22.018861715401833,0.7061382845981683,0.7061382845981683
2017-09-11 01:00:00,22.676,22.50133713078227,0.17466286921772678,0.17466286921772678
2017-09-11 02:00:00,22.645,23.34678799372815,-0.7017879937281499,0.7017879937281499
2017-09-11 03:00:00,22.722,23.84705057771527,-1.1250505777152675,1.1250505777152675
2017-09-11 04:00:00,32.388000000000005,25.78196683089205,6.606033169107956,6.606033169107956
2017-09-11 05:00:00,46.471,41.43348127184088,5.037518728159114,5.037518728159114
2017-09-11 06:00:00,46.127,46.549522468406686,-0.42252246840668306,0.42252246840668306
2017-09-11 07:00:00,34.565,39.52155499099819,-4.9565549909981925,4.9565549909981925
2017-09-11 08:00:00,30.15,27.643907656354628,2.5060923436453706,2.5060923436453706
2017-09-11 09:00:00,28.92,29.077917196566347,-0.15791719656634484,0.15791719656634484
2017-09-11 10:00:00,26.538,27.98469095091552,-1.4466909509155208,1.4466909509155208
2017-09-11 11:00:00,26.212,26.361792078879056,-0.14979207887905588,0.14979207887905588
2017-09-11 12:00:00,27.013,26.262888232427546,0.7501117675724558,0.7501117675724558
2017-09-11 13:00:00,26.777,27.17649981454637,-0.3994998145463704,0.3994998145463704
2017-09-11 14:00:00,29.4,27.311724068271783,2.088275931728216,2.088275931728216
2017-09-11 15:00:00,30.452,29.151930054159287,1.3000699458407148,1.3000699458407148
2017-09-11 16:00:00,33.548,31.84483698075041,1.7031630192495903,1.7031630192495903
2017-09-11 17:00:00,45.795,44.326030613286164,1.4689693867138374,1.4689693867138374
2017-09-11 18:00:00,48.054,47.45525108839453,0.598748911605469,0.598748911605469
2017-09-11 19:00:00,45.833,45.35112609386049,0.481873906139505,0.481873906139505
2017-09-11 20:00:00,30.895,35.23932610336401,-4.344326103364008,4.344326103364008
2017-09-11 21:00:00,26.954,25.704960834084037,1.2490391659159634,1.2490391659159634
2017-09-11 22:00:00,24.352,25.321848340196468,-0.9698483401964673,0.9698483401964673
2017-09-11 23:00:00,23.334,23.516255079863686,-0.18225507986368683,0.18225507986368683
2017-09-12 00:00:00,22.999,22.801895441348666,0.1971045586513327,0.1971045586513327
2017-09-12 01:00:00,22.791,22.570519953123593,0.220480046876407,0.220480046876407
2017-09-12 02:00:00,22.842,24.7358989797199,-1.8938989797199,1.8938989797199
2017-09-12 03:00:00,22.624,25.30776221328698,-2.6837622132869825,2.6837622132869825
2017-09-12 04:00:00,27.116,28.943584524720773,-1.8275845247207734,1.8275845247207734
2017-09-12 05:00:00,35.563,38.120175427017216,-2.5571754270172136,2.5571754270172136
2017-09-12 06:00:00,46.131,45.08309739720335,1.047902602796647,1.047902602796647
2017-09-12 07:00:00,38.231,43.019839476251676,-4.788839476251674,4.788839476251674
2017-09-12 08:00:00,32.154,27.4502922048131,4.703707795186904,4.703707795186904
2017-09-12 09:00:00,28.289,28.909351332257735,-0.6203513322577336,0.6203513322577336
2017-09-12 10:00:00,23.94400000000001,28.250958445300498,-4.306958445300488,4.306958445300488
2017-09-12 11:00:00,23.963,24.99082391510825,-1.0278239151082502,1.0278239151082502
2017-09-12 12:00:00,24.71,24.9332985090303,-0.22329850903030035,0.22329850903030035
2017-09-12 13:00:00,24.906,25.808528347371404,-0.9025283473714047,0.9025283473714047
2017-09-12 14:00:00,24.432,26.838388694960347,-2.4063886949603486,2.4063886949603486
2017-09-12 15:00:00,24.636,26.855565456510515,-2.219565456510516,2.219565456510516
2017-09-12 16:00:00,31.912,30.662645098065752,1.2493549019342467,1.2493549019342467
2017-09-12 17:00:00,44.674,42.994029038947325,1.6799709610526747,1.6799709610526747
2017-09-12 18:00:00,45.828,46.42027956386831,-0.5922795638683098,0.5922795638683098
2017-09-12 19:00:00,41.188,44.71280056241876,-3.524800562418754,3.524800562418754
2017-09-12 20:00:00,25.946,29.689657959740277,-3.7436579597402755,3.7436579597402755
2017-09-12 21:00:00,25.193,24.305645848244726,0.8873541517552752,0.8873541517552752
2017-09-12 22:00:00,25.689,24.113550957469982,1.5754490425300176,1.5754490425300176
2017-09-12 23:00:00,25.273000000000003,24.04574024840205,1.227259751597952,1.227259751597952
2017-09-13 00:00:00,24.711,24.39621042932109,0.3147895706789079,0.3147895706789079
2017-09-13 01:00:00,24.41,24.30976959586533,0.10023040413467044,0.10023040413467044
2017-09-13 02:00:00,23.533,25.811822374337325,-2.2788223743373237,2.2788223743373237
2017-09-13 03:00:00,23.428,25.60623878805628,-2.17823878805628,2.17823878805628
2017-09-13 04:00:00,28.126,26.494874607919296,1.6311253920807047,1.6311253920807047
2017-09-13 05:00:00,33.39,38.15261503584417,-4.762615035844171,4.762615035844171
2017-09-13 06:00:00,44.50899999999999,43.51985367567544,0.9891463243245511,0.9891463243245511
2017-09-13 07:00:00,45.107,41.73828464112147,3.368715358878532,3.368715358878532
2017-09-13 08:00:00,38.344,34.61153804832049,3.732461951679511,3.732461951679511
2017-09-13 09:00:00,27.234,28.300455957694176,-1.0664559576941741,1.0664559576941741
2017-09-13 10:00:00,24.153,25.75655756557159,-1.6035575655715917,1.6035575655715917
2017-09-13 11:00:00,25.321,24.363010711035763,0.9579892889642387,0.9579892889642387
2017-09-13 12:00:00,26.056,25.473947340982118,0.582052659017883,0.582052659017883
2017-09-13 13:00:00,25.704,25.86843053555234,-0.1644305355523379,0.1644305355523379
2017-09-13 14:00:00,25.585,25.659556189112216,-0.07455618911221507,0.07455618911221507
2017-09-13 15:00:00,26.302,25.722361838036583,0.5796381619634161,0.5796381619634161
2017-09-13 16:00:00,30.583,32.18667449565276,-1.6036744956527613,1.6036744956527613
2017-09-13 17:00:00,44.045,42.30764269182752,1.7373573081724842,1.7373573081724842
2017-09-13 18:00:00,46.598,45.4261686158924,1.1718313841075982,1.1718313841075982
2017-09-13 19:00:00,42.61,43.84395570387514,-1.2339557038751394,1.2339557038751394
2017-09-13 20:00:00,29.088,31.905421339495046,-2.817421339495045,2.817421339495045
2017-09-13 21:00:00,24.968000000000004,25.533373680735114,-0.5653736807351102,0.5653736807351102
2017-09-13 22:00:00,24.358,24.35696523313316,0.0010347668668408971,0.0010347668668408971
2017-09-13 23:00:00,23.596,24.12982462998524,-0.53382462998524,0.53382462998524
2017-09-14 00:00:00,23.362,23.166072479575217,0.19592752042478168,0.19592752042478168
2017-09-14 01:00:00,24.181,23.47879710570578,0.7022028942942207,0.7022028942942207
2017-09-14 02:00:00,30.806,25.40980977236502,5.396190227634982,5.396190227634982
2017-09-14 03:00:00,28.908,29.700578393759237,-0.7925783937592357,0.7925783937592357
2017-09-14 04:00:00,32.104,31.41925085520463,0.6847491447953686,0.6847491447953686
2017-09-14 05:00:00,43.273,43.4779850309532,-0.2049850309531962,0.2049850309531962
2017-09-14 06:00:00,45.007,44.75192696970374,0.25507303029625916,0.25507303029625916
2017-09-14 07:00:00,34.476,42.644327037663395,-8.168327037663396,8.168327037663396
2017-09-14 08:00:00,30.374,29.01526678189682,1.358733218103179,1.358733218103179
2017-09-14 09:00:00,31.691,28.927569860506562,2.763430139493437,2.763430139493437
2017-09-14 10:00:00,29.111,28.739442713405946,0.3715572865940544,0.3715572865940544
2017-09-14 11:00:00,29.398000000000003,27.883165521000713,1.5148344789992905,1.5148344789992905
2017-09-14 12:00:00,29.91800000000001,28.04424589917796,1.873754100822051,1.873754100822051
2017-09-14 13:00:00,29.931,28.003436319740665,1.927563680259336,1.927563680259336
2017-09-14 14:00:00,30.1,28.817184145696476,1.282815854303525,1.282815854303525
2017-09-14 15:00:00,30.268,28.754741835471144,1.5132581645288568,1.5132581645288568
2017-09-14 16:00:00,31.493,32.25588446240853,-0.7628844624085325,0.7628844624085325
2017-09-14 17:00:00,45.852,43.101601953107455,2.750398046892542,2.750398046892542
2017-09-14 18:00:00,47.785,47.387803296579534,0.3971967034204624,0.3971967034204624
2017-09-14 19:00:00,46.335,46.1315427340184,0.20345726598159786,0.20345726598159786
2017-09-14 20:00:00,34.765,36.643259017467365,-1.8782590174673643,1.8782590174673643
2017-09-14 21:00:00,25.281,26.568309676568745,-1.2873096765687464,1.2873096765687464
2017-09-14 22:00:00,26.427,24.516294833031345,1.9107051669686541,1.9107051669686541
2017-09-14 23:00:00,24.956,25.071130825902305,-0.11513082590230539,0.11513082590230539
2017-09-15 00:00:00,24.33,24.46950320876029,-0.1395032087602921,0.1395032087602921
2017-09-15 01:00:00,23.916,24.620256280803382,-0.7042562808033814,0.7042562808033814
2017-09-15 02:00:00,31.15,26.222341639103238,4.927658360896761,4.927658360896761
2017-09-15 03:00:00,31.886,31.685496602459168,0.20050339754083168,0.20050339754083168
2017-09-15 04:00:00,38.862,33.6687780010121,5.193221998987902,5.193221998987902
2017-09-15 05:00:00,47.63399999999999,46.66383116499356,0.970168835006433,0.970168835006433
2017-09-15 06:00:00,46.291,47.65591640252008,-1.3649164025200804,1.3649164025200804
2017-09-15 07:00:00,34.659,38.940635297423384,-4.281635297423385,4.281635297423385
2017-09-15 08:00:00,28.111,28.973632960400053,-0.8626329604000524,0.8626329604000524
2017-09-15 09:00:00,34.647,30.449401535724782,4.197598464275217,4.197598464275217
2017-09-15 10:00:00,29.164,32.04175982482777,-2.87775982482777,2.87775982482777
2017-09-15 11:00:00,28.844,28.964350213905057,-0.12035021390505563,0.12035021390505563
2017-09-15 12:00:00,28.891,28.821724163929254,0.06927583607074439,0.06927583607074439
2017-09-15 13:00:00,29.051,28.727276300365514,0.3237236996344848,0.3237236996344848
2017-09-15 14:00:00,30.936,28.96011271260745,1.975887287392549,1.975887287392549
2017-09-15 15:00:00,30.303,29.821800840753355,0.48119915924664625,0.48119915924664625
2017-09-15 16:00:00,31.5,32.00570060801951,-0.5057006080195094,0.5057006080195094
2017-09-15 17:00:00,45.493,43.27625455094078,2.216745449059225,2.216745449059225
2017-09-15 18:00:00,51.19,47.099396538615125,4.090603461384873,4.090603461384873
2017-09-15 19:00:00,48.291,49.465775568173726,-1.1747755681737289,1.1747755681737289
2017-09-15 20:00:00,36.564,37.355084929709996,-0.7910849297099958,0.7910849297099958
2017-09-15 21:00:00,31.16800000000001,26.979521765058518,4.188478234941492,4.188478234941492
2017-09-15 22:00:00,29.97,27.8876418396864,2.0823581603136,2.0823581603136
2017-09-15 23:00:00,28.538,27.387589867153245,1.1504101328467549,1.1504101328467549
2017-09-16 00:00:00,27.98,26.8750288840802,1.104971115919799,1.104971115919799
2017-09-16 01:00:00,27.776,26.42471708873681,1.3512829112631906,1.3512829112631906
2017-09-16 02:00:00,27.901,27.796066856530373,0.10493314346962634,0.10493314346962634
2017-09-16 03:00:00,27.909,28.70022311673451,-0.7912231167345105,0.7912231167345105
2017-09-16 04:00:00,34.015,30.888542830251087,3.126457169748914,3.126457169748914
2017-09-16 05:00:00,42.94,44.88928246403424,-1.9492824640342405,1.9492824640342405
2017-09-16 06:00:00,51.12300000000001,46.824029184399464,4.298970815600548,4.298970815600548
2017-09-16 07:00:00,48.981,47.23775871064681,1.7432412893531932,1.7432412893531932
2017-09-16 08:00:00,36.971,38.47595198018604,-1.5049519801860427,1.5049519801860427
2017-09-16 09:00:00,35.008,31.201860155156414,3.806139844843589,3.806139844843589
2017-09-16 10:00:00,32.244,32.29170080044043,-0.047700800440431124,0.047700800440431124
2017-09-16 11:00:00,29.253,30.514921278168394,-1.2619212781683942,1.2619212781683942
2017-09-16 12:00:00,29.401,28.768847846269402,0.6321521537305976,0.6321521537305976
2017-09-16 13:00:00,28.468000000000004,28.739982667518287,-0.2719826675182837,0.2719826675182837
2017-09-16 14:00:00,27.827,28.449756238841463,-0.6227562388414611,0.6227562388414611
2017-09-16 15:00:00,27.824,28.294253997000787,-0.4702539970007855,0.4702539970007855
2017-09-16 16:00:00,36.607,31.270489471981577,5.336510528018422,5.336510528018422
2017-09-16 17:00:00,48.095,46.675952682406255,1.4190473175937441,1.4190473175937441
2017-09-16 18:00:00,49.668,50.17019787548684,-0.5021978754868428,0.5021978754868428
2017-09-16 19:00:00,42.495,48.22697528354258,-5.731975283542582,5.731975283542582
2017-09-16 20:00:00,27.467,32.20410319087064,-4.737103190870641,4.737103190870641
2017-09-16 21:00:00,25.816,26.008607053294554,-0.19260705329455519,0.19260705329455519
2017-09-16 22:00:00,25.303,25.656111503381677,-0.3531115033816761,0.3531115033816761
2017-09-16 23:00:00,25.423,25.200542931381104,0.22245706861889403,0.22245706861889403
2017-09-17 00:00:00,25.637,25.300329367110283,0.3366706328897173,0.3366706328897173
2017-09-17 01:00:00,25.466,25.666723912375726,-0.20072391237572518,0.20072391237572518
2017-09-17 02:00:00,25.634,25.93093824873749,-0.2969382487374901,0.2969382487374901
2017-09-17 03:00:00,24.396,25.915757638461947,-1.5197576384619467,1.5197576384619467
2017-09-17 04:00:00,29.606,28.855808259523524,0.7501917404764775,0.7501917404764775
2017-09-17 05:00:00,40.973,41.10199332811773,-0.1289933281177298,0.1289933281177298
2017-09-17 06:00:00,44.815,46.949484733782654,-2.1344847337826565,2.1344847337826565
2017-09-17 07:00:00,44.267,43.790073727145455,0.47692627285454847,0.47692627285454847
2017-09-17 08:00:00,33.622,35.46247020486315,-1.840470204863152,1.840470204863152
2017-09-17 09:00:00,31.83,30.098868276746764,1.7311317232532346,1.7311317232532346
2017-09-17 10:00:00,25.63,30.31834256109633,-4.688342561096331,4.688342561096331
2017-09-17 11:00:00,25.967,26.2036611365909,-0.23666113659090016,0.23666113659090016
2017-09-17 12:00:00,26.815,26.634345978916553,0.1806540210834484,0.1806540210834484
2017-09-17 13:00:00,26.86,26.83941989796958,0.0205801020304186,0.0205801020304186
2017-09-17 14:00:00,26.378,27.18097028256161,-0.8029702825616098,0.8029702825616098
2017-09-17 15:00:00,26.37,27.08303722364672,-0.7130372236467188,0.7130372236467188
2017-09-17 16:00:00,31.583,32.174159561068855,-0.5911595610688565,0.5911595610688565
2017-09-17 17:00:00,40.406,42.45112858869038,-2.045128588690382,2.045128588690382
2017-09-17 18:00:00,47.072,46.56448919923065,0.507510800769353,0.507510800769353
2017-09-17 19:00:00,45.539,45.62375754144883,-0.08475754144883041,0.08475754144883041
2017-09-17 20:00:00,26.455,33.632412172369165,-7.177412172369166,7.177412172369166
2017-09-17 21:00:00,24.361,24.871743989786662,-0.5107439897866612,0.5107439897866612
2017-09-17 22:00:00,21.985,23.786038246087912,-1.8010382460879129,1.8010382460879129
2017-09-17 23:00:00,21.697,21.832396713462092,-0.13539671346209303,0.13539671346209303
2017-09-18 00:00:00,20.799,21.935399448069813,-1.1363994480698132,1.1363994480698132
2017-09-18 01:00:00,20.346,22.42460719548873,-2.078607195488729,2.078607195488729
2017-09-18 02:00:00,21.156,22.812522855925007,-1.656522855925008,1.656522855925008
2017-09-18 03:00:00,21.212,23.179868085709494,-1.967868085709494,1.967868085709494
2017-09-18 04:00:00,24.666,27.602986981846314,-2.9369869818463137,2.9369869818463137
2017-09-18 05:00:00,34.741,35.91775289683823,-1.1767528968382308,1.1767528968382308
2017-09-18 06:00:00,45.642,43.53336883362316,2.1086311663768456,2.1086311663768456
2017-09-18 07:00:00,38.397,43.73351971182323,-5.336519711823229,5.336519711823229
2017-09-18 08:00:00,33.222,27.362438221352658,5.859561778647343,5.859561778647343
2017-09-18 09:00:00,28.174,28.500945486063273,-0.32694548606327345,0.32694548606327345
2017-09-18 10:00:00,25.414,26.300159682060194,-0.8861596820601925,0.8861596820601925
2017-09-18 11:00:00,25.254,25.388126639985927,-0.13412663998592578,0.13412663998592578
2017-09-18 12:00:00,25.254,25.870442438841987,-0.616442438841986,0.616442438841986
2017-09-18 13:00:00,25.215,25.86604347925963,-0.6510434792596307,0.6510434792596307
2017-09-18 14:00:00,25.309,26.084392702299695,-0.775392702299694,0.775392702299694
2017-09-18 15:00:00,25.481,26.405827533132868,-0.9248275331328664,0.9248275331328664
2017-09-18 16:00:00,34.784,31.537031381970337,3.246968618029662,3.246968618029662
2017-09-18 17:00:00,41.754,42.74644777544039,-0.9924477754403895,0.9924477754403895
2017-09-18 18:00:00,45.563,43.96241634495339,1.6005836550466128,1.6005836550466128
2017-09-18 19:00:00,43.25,43.71767567754349,-0.4676756775434896,0.4676756775434896
2017-09-18 20:00:00,27.919,32.84935677867633,-4.93035677867633,4.93035677867633
2017-09-18 21:00:00,22.195,23.998863929294487,-1.8038639292944865,1.8038639292944865
2017-09-18 22:00:00,22.317,21.3063132319103,1.0106867680897018,1.0106867680897018
2017-09-18 23:00:00,21.777,21.37706165906767,0.39993834093233005,0.39993834093233005
2017-09-19 00:00:00,21.037,21.165618988216714,-0.12861898821671502,0.12861898821671502
2017-09-19 01:00:00,21.47300000000001,20.949119679707657,0.5238803202923528,0.5238803202923528
2017-09-19 02:00:00,27.989,22.29760341279292,5.69139658720708,5.69139658720708
2017-09-19 03:00:00,29.256,27.989327105970993,1.266672894029007,1.266672894029007
2017-09-19 04:00:00,33.611999999999995,28.849197064023777,4.762802935976218,4.762802935976218
2017-09-19 05:00:00,46.487,44.08146169565081,2.405538304349193,2.405538304349193
2017-09-19 06:00:00,45.894,46.2362885822401,-0.3422885822401014,0.3422885822401014
2017-09-19 07:00:00,34.364000000000004,38.51438927144769,-4.150389271447686,4.150389271447686
2017-09-19 08:00:00,31.482,28.21170138988281,3.270298610117191,3.270298610117191
2017-09-19 09:00:00,30.427,28.812463670850317,1.6145363291496828,1.6145363291496828
2017-09-19 10:00:00,27.908,27.87791564309209,0.030084356907909893,0.030084356907909893
2017-09-19 11:00:00,28.286,26.906888240318843,1.3791117596811588,1.3791117596811588
2017-09-19 12:00:00,29.025,27.401604833169582,1.6233951668304165,1.6233951668304165
2017-09-19 13:00:00,29.343000000000004,27.78600513094655,1.5569948690534545,1.5569948690534545
2017-09-19 14:00:00,28.761,28.097911355524726,0.6630886444752733,0.6630886444752733
2017-09-19 15:00:00,28.362,28.121835525569747,0.24016447443025157,0.24016447443025157
2017-09-19 16:00:00,31.65,33.30626472760626,-1.6562647276062634,1.6562647276062634
2017-09-19 17:00:00,44.045,41.92369054267553,2.1213094573244717,2.1213094573244717
2017-09-19 18:00:00,49.089,45.53378002829463,3.5552199717053696,3.5552199717053696
2017-09-19 19:00:00,47.69,47.80827140555013,-0.11827140555013216,0.11827140555013216
2017-09-19 20:00:00,35.816,38.68779442768423,-2.871794427684229,2.871794427684229
2017-09-19 21:00:00,24.92,26.514758574974685,-1.5947585749746835,1.5947585749746835
2017-09-19 22:00:00,25.214,23.58918643383791,1.6248135661620893,1.6248135661620893
2017-09-19 23:00:00,24.082,23.89096404367119,0.1910359563288111,0.1910359563288111
2017-09-20 00:00:00,23.577,22.964196294812393,0.6128037051876092,0.6128037051876092
2017-09-20 01:00:00,23.579,23.167883707018376,0.41111629298162455,0.41111629298162455
2017-09-20 02:00:00,32.246,25.76305589160873,6.482944108391273,6.482944108391273
2017-09-20 03:00:00,31.355,32.05603734060322,-0.701037340603218,0.701037340603218
2017-09-20 04:00:00,33.891,32.49567617598706,1.3953238240129409,1.3953238240129409
2017-09-20 05:00:00,46.824,43.75351072988755,3.0704892701124464,3.0704892701124464
2017-09-20 06:00:00,46.877,47.90971236749591,-1.032712367495904,1.032712367495904
2017-09-20 07:00:00,40.083,42.45968738026868,-2.3766873802686845,2.3766873802686845
2017-09-20 08:00:00,29.619,30.02685503869845,-0.4078550386984503,0.4078550386984503
2017-09-20 09:00:00,33.497,28.627600551594846,4.869399448405154,4.869399448405154
2017-09-20 10:00:00,29.073,31.21208139656894,-2.1390813965689404,2.1390813965689404
2017-09-20 11:00:00,31.587,28.499176144301728,3.0878238556982716,3.0878238556982716
2017-09-20 12:00:00,29.623,30.034002082660166,-0.4110020826601648,0.4110020826601648
2017-09-20 13:00:00,29.54,29.02045483327534,0.519545166724658,0.519545166724658
2017-09-20 14:00:00,29.398000000000003,29.008968388970914,0.3890316110290897,0.3890316110290897
2017-09-20 15:00:00,29.395,28.87853680460962,0.5164631953903793,0.5164631953903793
2017-09-20 16:00:00,38.773,32.04110626411772,6.731893735882281,6.731893735882281
2017-09-20 17:00:00,46.475,45.926501361281616,0.5484986387183852,0.5484986387183852
2017-09-20 18:00:00,49.152,48.22179092244163,0.9302090775583736,0.9302090775583736
2017-09-20 19:00:00,42.871,47.700812092928224,-4.829812092928222,4.829812092928222
2017-09-20 20:00:00,29.56900000000001,31.792129660339256,-2.2231296603392465,2.2231296603392465
2017-09-20 21:00:00,23.887,26.415904681122786,-2.5289046811227855,2.5289046811227855
2017-09-20 22:00:00,24.352,23.386624188766195,0.9653758112338053,0.9653758112338053
2017-09-20 23:00:00,23.303,23.936087811992962,-0.6330878119929615,0.6330878119929615
2017-09-21 00:00:00,22.97,23.015617668282253,-0.04561766828225444,0.04561766828225444
2017-09-21 01:00:00,23.727,22.77092794626374,0.9560720537362606,0.9560720537362606
2017-09-21 02:00:00,32.569,27.985147269981624,4.5838527300183785,4.5838527300183785
2017-09-21 03:00:00,28.772,32.93673681806147,-4.164736818061471,4.164736818061471
2017-09-21 04:00:00,35.635,31.921363944206707,3.713636055793291,3.713636055793291
2017-09-21 05:00:00,44.883,44.765303858116724,0.11769614188327893,0.11769614188327893
2017-09-21 06:00:00,43.097,46.76524561032066,-3.6682456103206604,3.6682456103206604
2017-09-21 07:00:00,28.123,36.87204263551993,-8.749042635519931,8.749042635519931
2017-09-21 08:00:00,28.006,27.605951533147028,0.40004846685297224,0.40004846685297224
2017-09-21 09:00:00,31.076,30.05524362024951,1.020756379750491,1.020756379750491
2017-09-21 10:00:00,31.159,29.639207820765147,1.5197921792348517,1.5197921792348517
2017-09-21 11:00:00,28.241,30.708744878154036,-2.4677448781540363,2.4677448781540363
2017-09-21 12:00:00,28.605,28.661129109145485,-0.05612910914548408,0.05612910914548408
2017-09-21 13:00:00,28.564,28.629010401970792,-0.06501040197079178,0.06501040197079178
2017-09-21 14:00:00,28.913,28.961568284394478,-0.048568284394477246,0.048568284394477246
2017-09-21 15:00:00,29.232,29.38371442023247,-0.1517144202324694,0.1517144202324694
2017-09-21 16:00:00,31.079,33.012165939525794,-1.933165939525793,1.933165939525793
2017-09-21 17:00:00,40.847,42.8699958076534,-2.022995807653402,2.022995807653402
2017-09-21 18:00:00,48.74,46.891693246087485,1.8483067539125173,1.8483067539125173
2017-09-21 19:00:00,48.68899999999999,47.880661662253694,0.8083383377462994,0.8083383377462994
2017-09-21 20:00:00,41.469,38.79873214898385,2.670267851016149,2.670267851016149
2017-09-21 21:00:00,29.64,28.823141874553976,0.816858125446025,0.816858125446025
2017-09-21 22:00:00,27.212,26.042021199484957,1.169978800515043,1.169978800515043
2017-09-21 23:00:00,26.227,25.613352226225093,0.6136477737749075,0.6136477737749075
2017-09-22 00:00:00,26.0,24.991822204821577,1.0081777951784225,1.0081777951784225
2017-09-22 01:00:00,26.136,25.553485447333678,0.5825145526663214,0.5825145526663214
2017-09-22 02:00:00,32.424,29.574954579244675,2.849045420755324,2.849045420755324
2017-09-22 03:00:00,32.159,33.39945090972952,-1.2404509097295175,1.2404509097295175
2017-09-22 04:00:00,33.153,35.74227750352386,-2.58927750352386,2.58927750352386
2017-09-22 05:00:00,42.133,43.84719765486642,-1.7141976548664175,1.7141976548664175
2017-09-22 06:00:00,49.928,45.34618520757813,4.581814792421866,4.581814792421866
2017-09-22 07:00:00,44.16,46.83801639502392,-2.678016395023924,2.678016395023924
2017-09-22 08:00:00,32.656,34.07923378716289,-1.4232337871628928,1.4232337871628928
2017-09-22 09:00:00,34.876999999999995,30.221076434586948,4.6559235654130475,4.6559235654130475
2017-09-22 10:00:00,31.681,32.85971347572126,-1.1787134757212563,1.1787134757212563
2017-09-22 11:00:00,31.381,31.00508929219327,0.37591070780673164,0.37591070780673164
2017-09-22 12:00:00,31.778,30.680300282527416,1.097699717472583,1.097699717472583
2017-09-22 13:00:00,31.579,31.008592627092476,0.5704073729075247,0.5704073729075247
2017-09-22 14:00:00,31.47300000000001,31.35191410123988,0.12108589876012843,0.12108589876012843
2017-09-22 15:00:00,30.949,31.49197810767227,-0.5429781076722691,0.5429781076722691
2017-09-22 16:00:00,33.58,33.48338302818782,0.09661697181217477,0.09661697181217477
2017-09-22 17:00:00,40.267,44.34094500025529,-4.073945000255286,4.073945000255286
2017-09-22 18:00:00,51.557,48.442392560354996,3.114607439645006,3.114607439645006
2017-09-22 19:00:00,48.997,51.67014465830822,-2.6731446583082175,2.6731446583082175
2017-09-22 20:00:00,35.847,39.918059520958906,-4.071059520958904,4.071059520958904
2017-09-22 21:00:00,28.239,28.941290955211542,-0.7022909552115415,0.7022909552115415
2017-09-22 22:00:00,28.142,27.38867503684743,0.7533249631525685,0.7533249631525685
2017-09-22 23:00:00,27.389,27.026324532349165,0.3626754676508348,0.3626754676508348
2017-09-23 00:00:00,26.665,27.09981895215711,-0.4348189521571122,0.4348189521571122
2017-09-23 01:00:00,26.854,26.604798575395904,0.24920142460409522,0.24920142460409522
2017-09-23 02:00:00,26.886,27.88341245075464,-0.9974124507546414,0.9974124507546414
2017-09-23 03:00:00,27.039,28.335191251591645,-1.2961912515916438,1.2961912515916438
2017-09-23 04:00:00,30.89,31.605085929875372,-0.7150859298753716,0.7150859298753716
2017-09-23 05:00:00,47.393,43.17579116760972,4.217208832390284,4.217208832390284
2017-09-23 06:00:00,49.572,48.68013718142606,0.8918628185739408,0.8918628185739408
2017-09-23 07:00:00,47.92,47.21434284190423,0.7056571580957751,0.7056571580957751
2017-09-23 08:00:00,35.857,39.216277383551024,-3.3592773835510243,3.3592773835510243
2017-09-23 09:00:00,29.642,31.982601079932138,-2.3406010799321386,2.3406010799321386
2017-09-23 10:00:00,31.902,29.841077398104552,2.0609226018954487,2.0609226018954487
2017-09-23 11:00:00,29.362,30.975499674522215,-1.6134996745222168,1.6134996745222168
2017-09-23 12:00:00,29.085,29.31495764042922,-0.22995764042921962,0.22995764042921962
2017-09-23 13:00:00,29.12,29.539546470837866,-0.4195464708378651,0.4195464708378651
2017-09-23 14:00:00,28.639,29.857014519432028,-1.2180145194320282,1.2180145194320282
2017-09-23 15:00:00,28.792,29.478524596282025,-0.6865245962820232,0.6865245962820232
2017-09-23 16:00:00,30.803,34.52067997772205,-3.717679977722046,3.717679977722046
2017-09-23 17:00:00,44.081,41.515436248543715,2.5655637514562883,2.5655637514562883
2017-09-23 18:00:00,48.75899999999999,47.91047170817023,0.8485282918297656,0.8485282918297656
2017-09-23 19:00:00,48.5,48.43466387009666,0.06533612990334348,0.06533612990334348
2017-09-23 20:00:00,42.714,38.99043166313001,3.723568336869988,3.723568336869988
2017-09-23 21:00:00,31.419,29.035946131808096,2.3830538681919045,2.3830538681919045
2017-09-23 22:00:00,24.504,27.45349258321397,-2.949492583213967,2.949492583213967
2017-09-23 23:00:00,23.946,24.672113376945443,-0.7261133769454418,0.7261133769454418
2017-09-24 00:00:00,24.064,23.850579429662723,0.21342057033727713,0.21342057033727713
2017-09-24 01:00:00,23.925,24.29740152059007,-0.3724015205900706,0.3724015205900706
2017-09-24 02:00:00,23.79300000000001,24.464762514816645,-0.6717625148166348,0.6717625148166348
2017-09-24 03:00:00,23.888,24.263918680261543,-0.37591868026154174,0.37591868026154174
2017-09-24 04:00:00,28.305,27.336245636821797,0.9687543631782027,0.9687543631782027
2017-09-24 05:00:00,41.352,39.32905741208477,2.0229425879152245,2.0229425879152245
2017-09-24 06:00:00,48.267,47.762912624845264,0.5040873751547394,0.5040873751547394
2017-09-24 07:00:00,46.07,47.62883810215535,-1.5588381021553488,1.5588381021553488
2017-09-24 08:00:00,32.047,37.10283764302184,-5.055837643021846,5.055837643021846
2017-09-24 09:00:00,30.106,28.967950000055886,1.1380499999441156,1.1380499999441156
2017-09-24 10:00:00,27.517,29.596865965433615,-2.0798659654336156,2.0798659654336156
2017-09-24 11:00:00,27.405,27.711749869527484,-0.30674986952748284,0.30674986952748284
2017-09-24 12:00:00,27.282,27.740110251541743,-0.45811025154174345,0.45811025154174345
2017-09-24 13:00:00,27.303,27.507878698179915,-0.20487869817991466,0.20487869817991466
2017-09-24 14:00:00,27.149,27.445064849298387,-0.2960648492983857,0.2960648492983857
2017-09-24 15:00:00,26.901,27.65951819536369,-0.7585181953636919,0.7585181953636919
2017-09-24 16:00:00,31.0,30.47874334539912,0.5212566546008794,0.5212566546008794
2017-09-24 17:00:00,46.097,43.7262000208195,2.3707999791805037,2.3707999791805037
2017-09-24 18:00:00,48.434,48.14763605597572,0.28636394402428067,0.28636394402428067
2017-09-24 19:00:00,48.50100000000001,47.89633992466815,0.6046600753318643,0.6046600753318643
2017-09-24 20:00:00,41.00899999999999,41.27619816013363,-0.2671981601336384,0.2671981601336384
2017-09-24 21:00:00,31.594,27.515004403714503,4.078995596285498,4.078995596285498
2017-09-24 22:00:00,28.358,26.35527605898008,2.0027239410199194,2.0027239410199194
2017-09-24 23:00:00,24.948,26.198653334031683,-1.250653334031682,1.250653334031682
2017-09-25 00:00:00,24.3,24.73427357725601,-0.43427357725600757,0.43427357725600757
2017-09-25 01:00:00,24.191,23.96323036678653,0.22776963321346955,0.22776963321346955
2017-09-25 02:00:00,30.67,25.06208300478333,5.607916995216673,5.607916995216673
2017-09-25 03:00:00,31.295,30.89455818890392,0.40044181109608346,0.40044181109608346
2017-09-25 04:00:00,38.759,31.760516010309207,6.9984839896907935,6.9984839896907935
2017-09-25 05:00:00,49.27,45.55900605118996,3.7109939488100423,3.7109939488100423
2017-09-25 06:00:00,47.31100000000001,49.83715523168342,-2.5261552316834113,2.5261552316834113
2017-09-25 07:00:00,36.449,43.29612134519049,-6.847121345190494,6.847121345190494
2017-09-25 08:00:00,30.82,29.20307452722965,1.616925472770351,1.616925472770351
2017-09-25 09:00:00,29.627,29.871450317253526,-0.24445031725352706,0.24445031725352706
2017-09-25 10:00:00,31.058000000000003,28.979264525498046,2.0787354745019577,2.0787354745019577
2017-09-25 11:00:00,29.261,29.93165086524453,-0.6706508652445322,0.6706508652445322
2017-09-25 12:00:00,29.101,28.875571075744915,0.22542892425508398,0.22542892425508398
2017-09-25 13:00:00,28.45300000000001,28.854323238642856,-0.4013232386428456,0.4013232386428456
2017-09-25 14:00:00,28.996,28.55591945267062,0.44008054732938007,0.44008054732938007
2017-09-25 15:00:00,30.148000000000003,29.083916151262557,1.0640838487374467,1.0640838487374467
2017-09-25 16:00:00,34.058,33.119439758956815,0.9385602410431844,0.9385602410431844
2017-09-25 17:00:00,41.346,43.21967767662159,-1.8736776766215968,1.8736776766215968
2017-09-25 18:00:00,48.723,46.92133023243808,1.8016697675619184,1.8016697675619184
2017-09-25 19:00:00,43.953,48.21110434945178,-4.258104349451777,4.258104349451777
2017-09-25 20:00:00,30.498,35.57355996423661,-5.075559964236607,5.075559964236607
2017-09-25 21:00:00,25.759,28.024028903252628,-2.2650289032526274,2.2650289032526274
2017-09-25 22:00:00,23.801,25.859604386468263,-2.0586043864682644,2.0586043864682644
2017-09-25 23:00:00,24.054,23.360090366481572,0.6939096335184267,0.6939096335184267
2017-09-26 00:00:00,22.999,23.257002920792996,-0.2580029207929968,0.2580029207929968
2017-09-26 01:00:00,24.012,22.769353160986583,1.2426468390134175,1.2426468390134175
2017-09-26 02:00:00,32.489000000000004,26.1918040394028,6.297195960597204,6.297195960597204
2017-09-26 03:00:00,31.735,33.41011485961129,-1.6751148596112913,1.6751148596112913
2017-09-26 04:00:00,34.645,37.03707720436319,-2.39207720436319,2.39207720436319
2017-09-26 05:00:00,45.28100000000001,44.75186052336164,0.5291394766383704,0.5291394766383704
2017-09-26 06:00:00,44.93,46.92678852805921,-1.9967885280592128,1.9967885280592128
2017-09-26 07:00:00,34.766,37.97744254851005,-3.2114425485100497,3.2114425485100497
2017-09-26 08:00:00,28.907,28.579469863160547,0.327530136839453,0.327530136839453
2017-09-26 09:00:00,27.022,29.157978556912997,-2.135978556912999,2.135978556912999
2017-09-26 10:00:00,27.55,27.714478368399824,-0.16447836839982344,0.16447836839982344
2017-09-26 11:00:00,27.122,27.83236651624368,-0.7103665162436812,0.7103665162436812
2017-09-26 12:00:00,28.454,27.703410254674733,0.7505897453252679,0.7505897453252679
2017-09-26 13:00:00,27.843000000000004,28.270811266999175,-0.4278112669991714,0.4278112669991714
2017-09-26 14:00:00,27.182,28.27531426519169,-1.0933142651916903,1.0933142651916903
2017-09-26 15:00:00,27.269,28.149662280973423,-0.880662280973425,0.880662280973425
2017-09-26 16:00:00,30.664,31.748307310021655,-1.0843073100216536,1.0843073100216536
2017-09-26 17:00:00,45.54600000000001,41.24607427848534,4.2999257215146685,4.2999257215146685
2017-09-26 18:00:00,46.107,47.59982167303512,-1.4928216730351238,1.4928216730351238
2017-09-26 19:00:00,41.052,43.774813273423774,-2.7228132734237747,2.7228132734237747
2017-09-26 20:00:00,28.401,29.189767707789862,-0.7887677077898623,0.7887677077898623
2017-09-26 21:00:00,23.091,25.632073221413766,-2.5410732214137646,2.5410732214137646
2017-09-26 22:00:00,21.309,22.85755257874019,-1.548552578740189,1.548552578740189
2017-09-26 23:00:00,19.328,21.50766046854192,-2.179660468541922,2.179660468541922
2017-09-27 00:00:00,18.931,19.87241930762476,-0.9414193076247592,0.9414193076247592
2017-09-27 01:00:00,19.465,20.072620221443717,-0.6076202214437174,0.6076202214437174
2017-09-27 02:00:00,25.959,25.630254253814435,0.3287457461855645,0.3287457461855645
2017-09-27 03:00:00,25.35,29.702843469497683,-4.352843469497682,4.352843469497682
2017-09-27 04:00:00,34.379,31.658896113851423,2.720103886148575,2.720103886148575
2017-09-27 05:00:00,42.574,41.5385537070395,1.0354462929605006,1.0354462929605006
2017-09-27 06:00:00,39.742,44.457426362681055,-4.7154263626810575,4.7154263626810575
2017-09-27 07:00:00,24.14,33.17127929395317,-9.031279293953169,9.031279293953169
2017-09-27 08:00:00,25.088,24.814974752185197,0.27302524781480386,0.27302524781480386
2017-09-27 09:00:00,24.273000000000003,26.063583448536832,-1.7905834485368288,1.7905834485368288
2017-09-27 10:00:00,24.769,24.717928259860148,0.051071740139850164,0.051071740139850164
2017-09-27 11:00:00,24.287,25.395049215068806,-1.1080492150688066,1.1080492150688066
2017-09-27 12:00:00,24.20300000000001,25.26686771775676,-1.0638677177567502,1.0638677177567502
2017-09-27 13:00:00,25.664,25.13746911254265,0.5265308874573513,0.5265308874573513
2017-09-27 14:00:00,26.251,25.91521869898187,0.3357813010181303,0.3357813010181303
2017-09-27 15:00:00,26.673,26.7425130576742,-0.06951305767420024,0.06951305767420024
2017-09-27 16:00:00,30.102,30.631990578171067,-0.5299905781710663,0.5299905781710663
2017-09-27 17:00:00,40.946,40.51407225405695,0.4319277459430495,0.4319277459430495
2017-09-27 18:00:00,45.69,44.14505933413248,1.5449406658675144,1.5449406658675144
2017-09-27 19:00:00,40.029,43.48886931704151,-3.459869317041509,3.459869317041509
2017-09-27 20:00:00,26.49,28.348540063030875,-1.8585400630308762,1.8585400630308762
2017-09-27 21:00:00,21.765,23.182444640745988,-1.4174446407459875,1.4174446407459875
2017-09-27 22:00:00,21.195,20.68847503264077,0.5065249673592298,0.5065249673592298
2017-09-27 23:00:00,20.362,20.657363542311497,-0.29536354231149886,0.29536354231149886
2017-09-28 00:00:00,19.042,19.661274713263218,-0.6192747132632164,0.6192747132632164
2017-09-28 01:00:00,19.42,18.97897664895082,0.4410233510491821,0.4410233510491821
2017-09-28 02:00:00,26.637,24.386532167343574,2.250467832656426,2.250467832656426
2017-09-28 03:00:00,25.647,27.294886472307756,-1.647886472307757,1.647886472307757
2017-09-28 04:00:00,29.483,32.035449148032335,-2.552449148032334,2.552449148032334
2017-09-28 05:00:00,43.344,39.129967994919355,4.214032005080647,4.214032005080647
2017-09-28 06:00:00,42.049,43.29858442761045,-1.2495844276104506,1.2495844276104506
2017-09-28 07:00:00,29.792,36.03139289313496,-6.239392893134955,6.239392893134955
2017-09-28 08:00:00,26.076,24.21355928432311,1.8624407156768896,1.8624407156768896
2017-09-28 09:00:00,24.735,25.970041374996025,-1.235041374996026,1.235041374996026
2017-09-28 10:00:00,25.827,25.310732070479823,0.5162679295201791,0.5162679295201791
2017-09-28 11:00:00,27.32,25.374602438747484,1.9453975612525163,1.9453975612525163
2017-09-28 12:00:00,28.612,25.890343066825068,2.7216569331749305,2.7216569331749305
2017-09-28 13:00:00,28.158,26.492039906857784,1.6659600931422176,1.6659600931422176
2017-09-28 14:00:00,28.353,26.789055459072678,1.5639445409273236,1.5639445409273236
2017-09-28 15:00:00,28.391,27.3775336708568,1.0134663291431991,1.0134663291431991
2017-09-28 16:00:00,31.785,30.308052094944546,1.4769479050554537,1.4769479050554537
2017-09-28 17:00:00,44.543,40.40766533577556,4.1353346642244375,4.1353346642244375
2017-09-28 18:00:00,46.221,44.3430575931456,1.8779424068543946,1.8779424068543946
2017-09-28 19:00:00,40.829,42.39984382641102,-1.5708438264110214,1.5708438264110214
2017-09-28 20:00:00,24.54,30.179148391193742,-5.639148391193743,5.639148391193743
2017-09-28 21:00:00,22.47,22.898123570509473,-0.4281235705094737,0.4281235705094737
2017-09-28 22:00:00,23.015,21.757835467049492,1.2571645329505081,1.2571645329505081
2017-09-28 23:00:00,23.249,21.659592233971427,1.5894077660285717,1.5894077660285717
2017-09-29 00:00:00,22.913,22.539809573616072,0.3731904263839283,0.3731904263839283
2017-09-29 01:00:00,22.147,22.20492883760141,-0.05792883760141265,0.05792883760141265
2017-09-29 02:00:00,27.531,25.94171363422632,1.5892863657736775,1.5892863657736775
2017-09-29 03:00:00,25.788,28.364812464222393,-2.5768124642223924,2.5768124642223924
2017-09-29 04:00:00,33.615,29.15812427487361,4.456875725126391,4.456875725126391
2017-09-29 05:00:00,43.495,41.104161594856166,2.390838405143832,2.390838405143832
2017-09-29 06:00:00,40.981,43.50411456509593,-2.5231145650959306,2.5231145650959306
2017-09-29 07:00:00,23.853,32.78923377780231,-8.936233777802308,8.936233777802308
2017-09-29 08:00:00,23.811,25.67265938672157,-1.8616593867215698,1.8616593867215698
2017-09-29 09:00:00,22.986,24.658947263662668,-1.6729472636626674,1.6729472636626674
2017-09-29 10:00:00,23.986,23.808535745514963,0.177464254485038,0.177464254485038
2017-09-29 11:00:00,25.664,25.104121262686583,0.5598787373134186,0.5598787373134186
2017-09-29 12:00:00,25.606,26.579907751292076,-0.9739077512920744,0.9739077512920744
2017-09-29 13:00:00,25.449,26.496959316438442,-1.0479593164384404,1.0479593164384404
2017-09-29 14:00:00,26.905,26.68128136103575,0.22371863896425026,0.22371863896425026
2017-09-29 15:00:00,26.964,27.68191345109301,-0.7179134510930112,0.7179134510930112
2017-09-29 16:00:00,29.058000000000003,32.30649657987683,-3.248496579876825,3.248496579876825
2017-09-29 17:00:00,35.86400000000001,39.777618509854726,-3.9136185098547145,3.9136185098547145
2017-09-29 18:00:00,52.635,42.426388475509235,10.208611524490763,10.208611524490763
2017-09-29 19:00:00,47.067,51.935037583398966,-4.868037583398966,4.868037583398966
2017-09-29 20:00:00,34.883,35.647908737607835,-0.7649087376078327,0.7649087376078327
2017-09-29 21:00:00,24.285,24.220361711100743,0.06463828889925693,0.06463828889925693
2017-09-29 22:00:00,22.486,22.845853128957604,-0.359853128957603,0.359853128957603
2017-09-29 23:00:00,21.752,22.20078728662094,-0.4487872866209415,0.4487872866209415
2017-09-30 00:00:00,20.692,21.879494848348195,-1.1874948483481944,1.1874948483481944
2017-09-30 01:00:00,20.357,20.509257495228507,-0.15225749522850762,0.15225749522850762
2017-09-30 02:00:00,19.814,22.960614489018138,-3.1466144890181376,3.1466144890181376
2017-09-30 03:00:00,19.787,22.271797590955146,-2.4847975909551465,2.4847975909551465
2017-09-30 04:00:00,22.833,25.793661120241506,-2.9606611202415074,2.9606611202415074
2017-09-30 05:00:00,31.237,33.23171945536991,-1.9947194553699141,1.9947194553699141
2017-09-30 06:00:00,40.448,39.023475387120605,1.4245246128793951,1.4245246128793951
2017-09-30 07:00:00,40.306,36.874206836154,3.4317931638459953,3.4317931638459953
2017-09-30 08:00:00,31.23,30.467609543834715,0.762390456165285,0.762390456165285
2017-09-30 09:00:00,26.214,25.233614691708375,0.9803853082916234,0.9803853082916234
2017-09-30 10:00:00,22.451,25.35107536185301,-2.900075361853009,2.900075361853009
2017-09-30 11:00:00,22.961,23.616361670291827,-0.6553616702918283,0.6553616702918283
2017-09-30 12:00:00,24.138,23.665832490237896,0.4721675097621052,0.4721675097621052
2017-09-30 13:00:00,24.968000000000004,24.478970403527487,0.4890295964725162,0.4890295964725162
2017-09-30 14:00:00,24.349,25.131569926500482,-0.7825699265004822,0.7825699265004822
2017-09-30 15:00:00,24.317,25.356407414058037,-1.0394074140580365,1.0394074140580365
2017-09-30 16:00:00,40.88,28.784775132784695,12.095224867215308,12.095224867215308
2017-09-30 17:00:00,46.639,42.726583206966495,3.9124167930335076,3.9124167930335076
2017-09-30 18:00:00,44.969,47.999082386711265,-3.030082386711264,3.030082386711264
2017-09-30 19:00:00,31.715,42.43569712637031,-10.720697126370307,10.720697126370307
2017-09-30 20:00:00,28.354,27.74440254544685,0.6095974545531497,0.6095974545531497
2017-09-30 21:00:00,24.218000000000004,24.986117280416387,-0.7681172804163836,0.7681172804163836
2017-09-30 22:00:00,23.343000000000004,22.481533061115222,0.8614669388847815,0.8614669388847815
2017-09-30 23:00:00,23.232,21.99622328258164,1.2357767174183607,1.2357767174183607
2017-10-01 00:00:00,23.333,22.191132261693763,1.1418677383062352,1.1418677383062352
2017-10-01 01:00:00,23.336,22.430479808657523,0.9055201913424753,0.9055201913424753
2017-10-01 02:00:00,24.835,22.695020105340067,2.139979894659934,2.139979894659934
2017-10-01 03:00:00,25.103,23.392159442736872,1.7108405572631291,1.7108405572631291
2017-10-01 04:00:00,31.077,26.35627724163578,4.7207227583642215,4.7207227583642215
2017-10-01 05:00:00,42.615,40.477439721620065,2.1375602783799366,2.1375602783799366
2017-10-01 06:00:00,42.093,42.31916572107683,-0.22616572107682487,0.22616572107682487
2017-10-01 07:00:00,36.315,37.53567313191182,-1.2206731319118234,1.2206731319118234
2017-10-01 08:00:00,29.277,28.10274133076887,1.1742586692311328,1.1742586692311328
2017-10-01 09:00:00,26.888,26.43363268573065,0.4543673142693514,0.4543673142693514
2017-10-01 10:00:00,23.12,25.31470855225217,-2.1947085522521697,2.1947085522521697
2017-10-01 11:00:00,22.572,23.524629624057287,-0.9526296240572876,0.9526296240572876
2017-10-01 12:00:00,24.251,23.085463175765426,1.1655368242345752,1.1655368242345752
2017-10-01 13:00:00,24.166,24.256915462996222,-0.09091546299622166,0.09091546299622166
2017-10-01 14:00:00,21.796,24.332721416451353,-2.5367214164513534,2.5367214164513534
2017-10-01 15:00:00,21.677,22.897272085786188,-1.2202720857861884,1.2202720857861884
2017-10-01 16:00:00,26.597,27.41947708602292,-0.8224770860229178,0.8224770860229178
2017-10-01 17:00:00,43.962,36.79711826965732,7.164881730342685,7.164881730342685
2017-10-01 18:00:00,46.79,44.004525407377216,2.7854745926227835,2.7854745926227835
2017-10-01 19:00:00,40.585,40.89231507271109,-0.3073150727110914,0.3073150727110914
2017-10-01 20:00:00,26.143,30.176460893675024,-4.033460893675024,4.033460893675024
2017-10-01 21:00:00,24.952,23.5041283999518,1.4478716000482024,1.4478716000482024
2017-10-01 22:00:00,21.689,24.067656994921848,-2.3786569949218475,2.3786569949218475
2017-10-01 23:00:00,20.431,21.623476826050783,-1.1924768260507825,1.1924768260507825
2017-10-02 00:00:00,20.452,20.85221601683718,-0.40021601683717734,0.40021601683717734
2017-10-02 01:00:00,20.661,21.371766142588918,-0.7107661425889162,0.7107661425889162
2017-10-02 02:00:00,20.399,23.57489576360501,-3.175895763605009,3.175895763605009
2017-10-02 03:00:00,19.03,24.034488303455063,-5.004488303455062,5.004488303455062
2017-10-02 04:00:00,21.839,24.41861604170356,-2.579616041703563,2.579616041703563
2017-10-02 05:00:00,30.115,31.266343310924107,-1.1513433109241085,1.1513433109241085
2017-10-02 06:00:00,42.122,39.99682204322242,2.125177956777577,2.125177956777577
2017-10-02 07:00:00,35.772,40.23217860195724,-4.460178601957239,4.460178601957239
2017-10-02 08:00:00,26.336,26.97173910731163,-0.6357391073116325,0.6357391073116325
2017-10-02 09:00:00,21.672,26.949222446266557,-5.277222446266556,5.277222446266556
2017-10-02 10:00:00,21.831,23.28978937948549,-1.4587893794854914,1.4587893794854914
2017-10-02 11:00:00,23.663,22.922553083547307,0.7404469164526937,0.7404469164526937
2017-10-02 12:00:00,23.55,24.80995149709105,-1.2599514970910484,1.2599514970910484
2017-10-02 13:00:00,23.823,24.609654579698546,-0.7866545796985456,0.7866545796985456
2017-10-02 14:00:00,23.644,24.20497224803049,-0.5609722480304917,0.5609722480304917
2017-10-02 15:00:00,23.66,24.313988255147052,-0.653988255147052,0.653988255147052
2017-10-02 16:00:00,29.67,27.688025386457017,1.9819746135429845,1.9819746135429845
2017-10-02 17:00:00,42.214,41.66265199242348,0.5513480075765216,0.5513480075765216
2017-10-02 18:00:00,44.9,44.0155368911601,0.8844631088398955,0.8844631088398955
2017-10-02 19:00:00,39.219,42.31676220338949,-3.097762203389486,3.097762203389486
2017-10-02 20:00:00,27.082,28.591180522858057,-1.5091805228580562,1.5091805228580562
2017-10-02 21:00:00,21.844,23.57782693023504,-1.7338269302350398,1.7338269302350398
2017-10-02 22:00:00,21.974,20.894469544652438,1.0795304553475624,1.0795304553475624
2017-10-02 23:00:00,21.432,20.782311701907258,0.649688298092741,0.649688298092741
2017-10-03 00:00:00,22.835,20.919163953757515,1.915836046242486,1.915836046242486
2017-10-03 01:00:00,28.896,22.034416685881922,6.861583314118079,6.861583314118079
2017-10-03 02:00:00,28.557,28.441908204106266,0.11509179589373275,0.11509179589373275
2017-10-03 03:00:00,28.485,28.66310933207218,-0.17810933207218227,0.17810933207218227
2017-10-03 04:00:00,35.591,28.76277126737838,6.828228732621621,6.828228732621621
2017-10-03 05:00:00,46.247,40.00441944198275,6.242580558017252,6.242580558017252
2017-10-03 06:00:00,46.26,45.102049918877526,1.1579500811224719,1.1579500811224719
2017-10-03 07:00:00,33.586,38.219501602093,-4.633501602092998,4.633501602092998
2017-10-03 08:00:00,28.929,26.44383501181984,2.485164988180159,2.485164988180159
2017-10-03 09:00:00,30.107,26.913936589710502,3.193063410289497,3.193063410289497
2017-10-03 10:00:00,30.189,27.142552483684934,3.046447516315066,3.046447516315066
2017-10-03 11:00:00,28.31,27.38904749498778,0.9209525050122203,0.9209525050122203
2017-10-03 12:00:00,28.971,27.273285125517173,1.697714874482827,1.697714874482827
2017-10-03 13:00:00,27.587,27.353781095228932,0.23321890477106777,0.23321890477106777
2017-10-03 14:00:00,29.323,26.99176039656616,2.33123960343384,2.33123960343384
2017-10-03 15:00:00,26.468000000000004,27.74366676035598,-1.2756667603559748,1.2756667603559748
2017-10-03 16:00:00,30.7,29.525760637270235,1.1742393627297645,1.1742393627297645
2017-10-03 17:00:00,41.524,41.474898787875155,0.04910121212484597,0.04910121212484597
2017-10-03 18:00:00,46.31100000000001,45.30141003125584,1.0095899687441658,1.0095899687441658
2017-10-03 19:00:00,43.44300000000001,43.19552589757399,0.2474741024260254,0.2474741024260254
2017-10-03 20:00:00,27.568,31.350999627458503,-3.7829996274585014,3.7829996274585014
2017-10-03 21:00:00,23.437,24.766550820291094,-1.329550820291093,1.329550820291093
2017-10-03 22:00:00,22.996,22.382778614888696,0.6132213851113022,0.6132213851113022
2017-10-03 23:00:00,19.883,21.7099059205055,-1.8269059205054994,1.8269059205054994
2017-10-04 00:00:00,19.253,19.932302009091863,-0.6793020090918631,0.6793020090918631
2017-10-04 01:00:00,19.558,22.775671575100745,-3.217671575100745,3.217671575100745
2017-10-04 02:00:00,28.104,24.627162766089185,3.476837233910814,3.476837233910814
2017-10-04 03:00:00,26.393,28.496354117423635,-2.1033541174236348,2.1033541174236348
2017-10-04 04:00:00,29.715,32.79138679182841,-3.0763867918284085,3.0763867918284085
2017-10-04 05:00:00,40.074,40.925539170485045,-0.8515391704850472,0.8515391704850472
2017-10-04 06:00:00,41.325,45.01799261986132,-3.6929926198613146,3.6929926198613146
2017-10-04 07:00:00,31.279,37.19136761004899,-5.912367610048992,5.912367610048992
2017-10-04 08:00:00,26.518,25.9705637441699,0.5474362558300996,0.5474362558300996
2017-10-04 09:00:00,27.707,27.328815858804155,0.3781841411958453,0.3781841411958453
2017-10-04 10:00:00,23.607,27.31878260980562,-3.7117826098056206,3.7117826098056206
2017-10-04 11:00:00,23.451,24.55246547651501,-1.1014654765150098,1.1014654765150098
2017-10-04 12:00:00,23.987,24.793986904126225,-0.8069869041262265,0.8069869041262265
2017-10-04 13:00:00,23.724,24.36669755725761,-0.642697557257609,0.642697557257609
2017-10-04 14:00:00,23.733,25.265319732887388,-1.5323197328873874,1.5323197328873874
2017-10-04 15:00:00,24.618,24.838082461855333,-0.2200824618553341,0.2200824618553341
2017-10-04 16:00:00,29.00800000000001,28.571767144500534,0.4362328554994761,0.4362328554994761
2017-10-04 17:00:00,41.55,39.43288075061487,2.1171192493851265,2.1171192493851265
2017-10-04 18:00:00,43.709,43.655180414656655,0.05381958534334785,0.05381958534334785
2017-10-04 19:00:00,41.267,41.59513397779607,-0.3281339777960639,0.3281339777960639
2017-10-04 20:00:00,25.845,31.621631961877547,-5.776631961877548,5.776631961877548
2017-10-04 21:00:00,21.879,22.931771503771845,-1.0527715037718437,1.0527715037718437
2017-10-04 22:00:00,18.452,21.09337520661264,-2.64137520661264,2.64137520661264
2017-10-04 23:00:00,17.711,17.93303262016678,-0.22203262016678238,0.22203262016678238
2017-10-05 00:00:00,17.647000000000006,17.44619938788475,0.20080061211525546,0.20080061211525546
2017-10-05 01:00:00,19.863,17.896830008890078,1.966169991109922,1.966169991109922
2017-10-05 02:00:00,24.959,24.357322532229357,0.6016774677706422,0.6016774677706422
2017-10-05 03:00:00,24.967,26.245634047810597,-1.2786340478105984,1.2786340478105984
2017-10-05 04:00:00,30.245,27.921252363288627,2.3237476367113743,2.3237476367113743
2017-10-05 05:00:00,42.8,37.978848763541585,4.821151236458412,4.821151236458412
2017-10-05 06:00:00,41.117,41.97882871672188,-0.861828716721881,0.861828716721881
2017-10-05 07:00:00,28.023000000000003,33.92562857036532,-5.902628570365316,5.902628570365316
2017-10-05 08:00:00,24.466,25.259591966742757,-0.7935919667427562,0.7935919667427562
2017-10-05 09:00:00,23.206,25.5090753949937,-2.3030753949937015,2.3030753949937015
2017-10-05 10:00:00,23.634,23.539428899668707,0.09457110033129368,0.09457110033129368
2017-10-05 11:00:00,23.829,24.150864596020952,-0.3218645960209514,0.3218645960209514
2017-10-05 12:00:00,24.201,24.20715867233072,-0.006158672330720094,0.006158672330720094
2017-10-05 13:00:00,25.068,24.261462472882354,0.8065375271176478,0.8065375271176478
2017-10-05 14:00:00,27.067,25.365980331995782,1.7010196680042178,1.7010196680042178
2017-10-05 15:00:00,26.244,25.90279830530895,0.3412016946910512,0.3412016946910512
2017-10-05 16:00:00,30.32,29.380483318992123,0.939516681007877,0.939516681007877
2017-10-05 17:00:00,38.335,41.03236180950114,-2.697361809501139,2.697361809501139
2017-10-05 18:00:00,47.179,43.7361914000975,3.4428085999024987,3.4428085999024987
2017-10-05 19:00:00,44.975,44.5695848084487,0.4054151915512989,0.4054151915512989
2017-10-05 20:00:00,25.566,33.70370700658692,-8.137707006586918,8.137707006586918
2017-10-05 21:00:00,23.895,22.54408381990355,1.3509161800964513,1.3509161800964513
2017-10-05 22:00:00,21.843000000000004,21.728316187698198,0.11468381230180569,0.11468381230180569
2017-10-05 23:00:00,21.645,20.629313011459622,1.0156869885403772,1.0156869885403772
2017-10-06 00:00:00,20.933000000000003,21.08068092070631,-0.147680920706307,0.147680920706307
2017-10-06 01:00:00,21.772,20.760861049723374,1.0111389502766244,1.0111389502766244
2017-10-06 02:00:00,26.548,23.84339832450581,2.704601675494189,2.704601675494189
2017-10-06 03:00:00,25.483,26.552902346260428,-1.0699023462604274,1.0699023462604274
2017-10-06 04:00:00,29.158,29.132195011754114,0.025804988245887728,0.025804988245887728
2017-10-06 05:00:00,40.476,38.79309456002576,1.6829054399742418,1.6829054399742418
2017-10-06 06:00:00,40.706,42.1621447740472,-1.4561447740471962,1.4561447740471962
2017-10-06 07:00:00,30.162,34.918396092742995,-4.756396092742996,4.756396092742996
2017-10-06 08:00:00,24.904,24.098004876327735,0.8059951236722647,0.8059951236722647
2017-10-06 09:00:00,23.01,24.77883308417074,-1.768833084170737,1.768833084170737
2017-10-06 10:00:00,24.242,22.778089576970125,1.4639104230298763,1.4639104230298763
2017-10-06 11:00:00,23.907,23.93927254958899,-0.0322725495889884,0.0322725495889884
2017-10-06 12:00:00,24.011,23.8002222021171,0.21077779788289774,0.21077779788289774
2017-10-06 13:00:00,24.393,23.94576092703156,0.4472390729684399,0.4472390729684399
2017-10-06 14:00:00,24.228,25.173849580729975,-0.9458495807299734,0.9458495807299734
2017-10-06 15:00:00,24.135,24.556656860024443,-0.42165686002444147,0.42165686002444147
2017-10-06 16:00:00,31.461,27.110648796165936,4.350351203834062,4.350351203834062
2017-10-06 17:00:00,41.703,40.178088729718596,1.5249112702814074,1.5249112702814074
2017-10-06 18:00:00,44.553,44.03356076523185,0.51943923476815,0.51943923476815
2017-10-06 19:00:00,39.74800000000001,42.879218226091574,-3.131218226091562,3.131218226091562
2017-10-06 20:00:00,24.493,29.53479340431518,-5.041793404315182,5.041793404315182
2017-10-06 21:00:00,21.816,22.968656220938108,-1.152656220938109,1.152656220938109
2017-10-06 22:00:00,21.665,20.633932791988673,1.0310672080113257,1.0310672080113257
2017-10-06 23:00:00,21.773000000000003,20.688548004171967,1.0844519958280365,1.0844519958280365
2017-10-07 00:00:00,21.794,20.800322765554423,0.9936772344455775,0.9936772344455775
2017-10-07 01:00:00,21.84,21.07636982810296,0.7636301718970415,0.7636301718970415
2017-10-07 02:00:00,21.692,23.035876907316776,-1.3438769073167762,1.3438769073167762
2017-10-07 03:00:00,21.61,22.249284428053908,-0.6392844280539087,0.6392844280539087
2017-10-07 04:00:00,25.163,24.806411059213666,0.3565889407863345,0.3565889407863345
2017-10-07 05:00:00,38.439,35.3011689770889,3.137831022911101,3.137831022911101
2017-10-07 06:00:00,34.212,42.1520723408611,-7.9400723408611,7.9400723408611
2017-10-07 07:00:00,40.113,30.226659909587763,9.886340090412236,9.886340090412236
2017-10-07 08:00:00,37.048,32.86613421148741,4.181865788512589,4.181865788512589
2017-10-07 09:00:00,24.057,26.19071591389046,-2.1337159138904624,2.1337159138904624
2017-10-07 10:00:00,24.07,22.965533156103287,1.104466843896713,1.104466843896713
2017-10-07 11:00:00,22.37,23.43211255700097,-1.0621125570009688,1.0621125570009688
2017-10-07 12:00:00,22.805,22.4721948652726,0.33280513472740125,0.33280513472740125
2017-10-07 13:00:00,22.588,22.904502290381906,-0.316502290381905,0.316502290381905
2017-10-07 14:00:00,22.686,22.7462271688416,-0.06022716884159962,0.06022716884159962
2017-10-07 15:00:00,23.368,22.866608043854054,0.5013919561459446,0.5013919561459446
2017-10-07 16:00:00,27.756,28.289837111505943,-0.5338371115059424,0.5338371115059424
2017-10-07 17:00:00,35.832,37.84671779516219,-2.0147177951621913,2.0147177951621913
2017-10-07 18:00:00,44.365,41.50516706248519,2.8598329375148097,2.8598329375148097
2017-10-07 19:00:00,43.545,43.076953399852904,0.46804660014709754,0.46804660014709754
2017-10-07 20:00:00,27.899,34.23059816824625,-6.331598168246252,6.331598168246252
2017-10-07 21:00:00,20.964,23.0949290579769,-2.1309290579769,2.1309290579769
2017-10-07 22:00:00,20.285,20.350986112040435,-0.06598611204043436,0.06598611204043436
2017-10-07 23:00:00,18.897,19.681030471336012,-0.7840304713360133,0.7840304713360133
2017-10-08 00:00:00,18.878,18.596680860323158,0.2813191396768424,0.2813191396768424
2017-10-08 01:00:00,18.866,18.84266351542869,0.023336484571309768,0.023336484571309768
2017-10-08 02:00:00,18.088,19.244107308285656,-1.1561073082856552,1.1561073082856552
2017-10-08 03:00:00,18.061,18.963508067246675,-0.902508067246675,0.902508067246675
2017-10-08 04:00:00,22.183000000000003,22.733685974712973,-0.5506859747129695,0.5506859747129695
2017-10-08 05:00:00,29.421,32.75981996557591,-3.338819965575908,3.338819965575908
2017-10-08 06:00:00,40.925,38.64752159474555,2.277478405254449,2.277478405254449
2017-10-08 07:00:00,38.659,39.63188524895488,-0.9728852489548814,0.9728852489548814
2017-10-08 08:00:00,24.65,33.05875854907772,-8.408758549077724,8.408758549077724
2017-10-08 09:00:00,22.467,25.03276318540072,-2.565763185400723,2.565763185400723
2017-10-08 10:00:00,21.399,22.518975845182602,-1.1199758451826014,1.1199758451826014
2017-10-08 11:00:00,23.591,21.326877038128128,2.2641229618718732,2.2641229618718732
2017-10-08 12:00:00,23.788,23.34742644035602,0.4405735596439797,0.4405735596439797
2017-10-08 13:00:00,23.549,23.02469267030196,0.5243073296980398,0.5243073296980398
2017-10-08 14:00:00,23.233,23.248754074858088,-0.015754074858087108,0.015754074858087108
2017-10-08 15:00:00,23.228,23.386415902934683,-0.15841590293468144,0.15841590293468144
2017-10-08 16:00:00,26.639,26.343563635132732,0.29543636486726754,0.29543636486726754
2017-10-08 17:00:00,38.769,36.36400416816425,2.4049958318357483,2.4049958318357483
2017-10-08 18:00:00,43.007,43.09667630311445,-0.08967630311445163,0.08967630311445163
2017-10-08 19:00:00,42.79600000000001,42.54686494230062,0.24913505769938382,0.24913505769938382
2017-10-08 20:00:00,36.014,33.405347888817516,2.6086521111824865,2.6086521111824865
2017-10-08 21:00:00,28.575,24.117478291035766,4.457521708964233,4.457521708964233
2017-10-08 22:00:00,20.348,23.056080651092945,-2.7080806510929456,2.7080806510929456
2017-10-08 23:00:00,18.579,19.66715862811995,-1.088158628119949,1.088158628119949
2017-10-09 00:00:00,18.09,18.203962602241404,-0.1139626022414042,0.1139626022414042
2017-10-09 01:00:00,18.683,18.54892407776106,0.13407592223893872,0.13407592223893872
2017-10-09 02:00:00,26.467,19.656468561418194,6.810531438581805,6.810531438581805
2017-10-09 03:00:00,24.344,26.01202521648845,-1.6680252164884486,1.6680252164884486
2017-10-09 04:00:00,30.128,25.63090023910599,4.4970997608940095,4.4970997608940095
2017-10-09 05:00:00,40.987,39.34463900776814,1.6423609922318647,1.6423609922318647
2017-10-09 06:00:00,39.882,43.63416378858094,-3.752163788580944,3.752163788580944
2017-10-09 07:00:00,26.916,36.543321375565775,-9.627321375565774,9.627321375565774
2017-10-09 08:00:00,23.257,25.35827229443271,-2.1012722944327074,2.1012722944327074
2017-10-09 09:00:00,23.991,23.433042545252427,0.557957454747573,0.557957454747573
2017-10-09 10:00:00,24.63,23.214976630453833,1.4150233695461658,1.4150233695461658
2017-10-09 11:00:00,24.373,24.795345927439275,-0.4223459274392738,0.4223459274392738
2017-10-09 12:00:00,24.69,24.603544301591274,0.08645569840872724,0.08645569840872724
2017-10-09 13:00:00,24.609,24.777120547203307,-0.16812054720330494,0.16812054720330494
2017-10-09 14:00:00,24.466,24.756901786988813,-0.29090178698881175,0.29090178698881175
2017-10-09 15:00:00,24.471,24.905008735873572,-0.43400873587357225,0.43400873587357225
2017-10-09 16:00:00,26.477,27.707949881296333,-1.2309498812963326,1.2309498812963326
2017-10-09 17:00:00,33.809,37.190183535111885,-3.3811835351118873,3.3811835351118873
2017-10-09 18:00:00,42.035,40.743770669784695,1.2912293302153017,1.2912293302153017
2017-10-09 19:00:00,38.899,42.67221299501594,-3.773212995015939,3.773212995015939
2017-10-09 20:00:00,24.29,31.179817700976955,-6.8898177009769555,6.8898177009769555
2017-10-09 21:00:00,18.823,23.849269753983762,-5.026269753983762,5.026269753983762
2017-10-09 22:00:00,18.746,18.27528566536628,0.47071433463371903,0.47071433463371903
2017-10-09 23:00:00,18.486,18.259462666007614,0.22653733399238618,0.22653733399238618
2017-10-10 00:00:00,16.527,17.7731525220853,-1.2461525220852998,1.2461525220852998
2017-10-10 01:00:00,16.386,17.61055976531508,-1.2245597653150817,1.2245597653150817
2017-10-10 02:00:00,23.297,21.343032576137073,1.9539674238629274,1.9539674238629274
2017-10-10 03:00:00,21.405,24.974455730382175,-3.569455730382174,3.569455730382174
2017-10-10 04:00:00,25.502,27.677736506753526,-2.175736506753527,2.175736506753527
2017-10-10 05:00:00,32.919000000000004,33.97744284814649,-1.058442848146484,1.058442848146484
2017-10-10 06:00:00,36.58,36.74616970715705,-0.16616970715705293,0.16616970715705293
2017-10-10 07:00:00,32.387,32.73586122573736,-0.3488612257373589,0.3488612257373589
2017-10-10 08:00:00,21.804,24.92763579257453,-3.1236357925745324,3.1236357925745324
2017-10-10 09:00:00,21.001,23.588755208316595,-2.587755208316594,2.587755208316594
2017-10-10 10:00:00,21.638,22.792666730919795,-1.1546667309197929,1.1546667309197929
2017-10-10 11:00:00,24.135,22.61088761465231,1.5241123853476921,1.5241123853476921
2017-10-10 12:00:00,24.757,24.602878152656825,0.1541218473431769,0.1541218473431769
2017-10-10 13:00:00,23.774,24.866208097921927,-1.092208097921926,1.092208097921926
2017-10-10 14:00:00,23.285,24.74398965287447,-1.4589896528744681,1.4589896528744681
2017-10-10 15:00:00,24.093000000000004,24.06659950811631,0.026400491883691757,0.026400491883691757
2017-10-10 16:00:00,29.49,26.57879432008285,2.911205679917149,2.911205679917149
2017-10-10 17:00:00,40.606,37.34109342470275,3.2649065752972533,3.2649065752972533
2017-10-10 18:00:00,42.882,42.6150748403829,0.2669251596170952,0.2669251596170952
2017-10-10 19:00:00,39.337,41.84978080327628,-2.5127808032762786,2.5127808032762786
2017-10-10 20:00:00,25.983,29.201227952398757,-3.218227952398756,3.218227952398756
2017-10-10 21:00:00,19.545,21.778525157497093,-2.233525157497091,2.233525157497091
2017-10-10 22:00:00,15.958,19.582869441811656,-3.624869441811656,3.624869441811656
2017-10-10 23:00:00,15.019,16.255220807578045,-1.2362208075780448,1.2362208075780448
2017-10-11 00:00:00,15.112,15.492504150336107,-0.3805041503361064,0.3805041503361064
2017-10-11 01:00:00,16.397000000000002,15.92689582223423,0.47010417776577285,0.47010417776577285
2017-10-11 02:00:00,23.731,18.541723871337346,5.189276128662655,5.189276128662655
2017-10-11 03:00:00,22.593000000000004,24.286966110274395,-1.693966110274392,1.693966110274392
2017-10-11 04:00:00,28.34,24.754502498948604,3.585497501051396,3.585497501051396
2017-10-11 05:00:00,38.601,37.63004888795313,0.970951112046869,0.970951112046869
2017-10-11 06:00:00,37.129,41.508483300011626,-4.379483300011628,4.379483300011628
2017-10-11 07:00:00,22.526,31.19589497259197,-8.669894972591969,8.669894972591969
2017-10-11 08:00:00,22.36,21.695323307659383,0.6646766923406169,0.6646766923406169
2017-10-11 09:00:00,19.349,22.56102970760413,-3.212029707604131,3.212029707604131
2017-10-11 10:00:00,21.51,19.54187969469963,1.9681203053003706,1.9681203053003706
2017-10-11 11:00:00,21.252,21.622896534081367,-0.3708965340813677,0.3708965340813677
2017-10-11 12:00:00,21.168000000000006,21.63713352931644,-0.4691335293164336,0.4691335293164336
2017-10-11 13:00:00,21.009,21.310139465734178,-0.3011394657341775,0.3011394657341775
2017-10-11 14:00:00,21.753,21.34978155067249,0.40321844932751105,0.40321844932751105
2017-10-11 15:00:00,21.722,22.29231148578261,-0.5703114857826073,0.5703114857826073
2017-10-11 16:00:00,26.007,26.49924449120589,-0.49224449120588787,0.49224449120588787
2017-10-11 17:00:00,32.8,37.040533987490036,-4.240533987490039,4.240533987490039
2017-10-11 18:00:00,42.87300000000001,38.566540961772105,4.306459038227906,4.306459038227906
2017-10-11 19:00:00,42.044,42.50252040027399,-0.45852040027399,0.45852040027399
2017-10-11 20:00:00,26.744,33.808456430740684,-7.064456430740684,7.064456430740684
2017-10-11 21:00:00,21.162,21.927568506765738,-0.7655685067657387,0.7655685067657387
2017-10-11 22:00:00,19.056,19.50897237721587,-0.45297237721586825,0.45297237721586825
2017-10-11 23:00:00,18.076,18.120369083505754,-0.04436908350575308,0.04436908350575308
2017-10-12 00:00:00,19.494,17.695165559924718,1.7988344400752823,1.7988344400752823
2017-10-12 01:00:00,21.144,19.243875852401416,1.9001241475985822,1.9001241475985822
2017-10-12 02:00:00,25.003,22.64357570637137,2.3594242936286314,2.3594242936286314
2017-10-12 03:00:00,24.452,25.547084803509904,-1.0950848035099021,1.0950848035099021
2017-10-12 04:00:00,28.575,27.76542581672661,0.8095741832733907,0.8095741832733907
2017-10-12 05:00:00,41.052,36.71573660718157,4.336263392818431,4.336263392818431
2017-10-12 06:00:00,40.803,42.342085303319564,-1.5390853033195668,1.5390853033195668
2017-10-12 07:00:00,28.856,35.53867243789648,-6.682672437896478,6.682672437896478
2017-10-12 08:00:00,25.053,24.482004106079327,0.5709958939206743,0.5709958939206743
2017-10-12 09:00:00,22.389,24.20617086551423,-1.8171708655142318,1.8171708655142318
2017-10-12 10:00:00,22.421,22.138421038587573,0.2825789614124261,0.2825789614124261
2017-10-12 11:00:00,23.373,22.051890736527035,1.321109263472966,1.321109263472966
2017-10-12 12:00:00,22.897,22.708885808485498,0.18811419151450082,0.18811419151450082
2017-10-12 13:00:00,23.097,22.244412846618747,0.8525871533812541,0.8525871533812541
2017-10-12 14:00:00,23.321,23.2053365376572,0.11566346234280189,0.11566346234280189
2017-10-12 15:00:00,25.392,23.37382652262537,2.018173477374628,2.018173477374628
2017-10-12 16:00:00,29.545,27.51305649159309,2.0319435084069113,2.0319435084069113
2017-10-12 17:00:00,44.545,38.613914706602955,5.931085293397047,5.931085293397047
2017-10-12 18:00:00,45.862,44.56757167059037,1.2944283294096337,1.2944283294096337
2017-10-12 19:00:00,41.65600000000001,44.16714712851758,-2.511147128517564,2.511147128517564
2017-10-12 20:00:00,26.741,32.63864392461893,-5.897643924618933,5.897643924618933
2017-10-12 21:00:00,24.421,22.68149854076572,1.7395014592342797,1.7395014592342797
2017-10-12 22:00:00,21.646,22.4223204097639,-0.7763204097638976,0.7763204097638976
2017-10-12 23:00:00,21.54300000000001,20.7571569437562,0.7858430562438095,0.7858430562438095
2017-10-13 00:00:00,22.689,20.968641893913603,1.7203581060863975,1.7203581060863975
2017-10-13 01:00:00,22.696,22.01060568509369,0.6853943149063113,0.6853943149063113
2017-10-13 02:00:00,26.064,24.501539942785683,1.5624600572143166,1.5624600572143166
2017-10-13 03:00:00,25.44,26.524771285483332,-1.0847712854833311,1.0847712854833311
2017-10-13 04:00:00,29.908,27.985053105977894,1.9229468940221075,1.9229468940221075
2017-10-13 05:00:00,41.802,39.88099109659329,1.9210089034067082,1.9210089034067082
2017-10-13 06:00:00,40.091,42.71655180371272,-2.6255518037127175,2.6255518037127175
2017-10-13 07:00:00,26.411,34.161596326074644,-7.750596326074643,7.750596326074643
2017-10-13 08:00:00,24.41,25.5280113244428,-1.1180113244428007,1.1180113244428007
2017-10-13 09:00:00,25.531,24.380840626406357,1.1501593735936417,1.1501593735936417
2017-10-13 10:00:00,25.859,24.1204327330374,1.738567266962601,1.738567266962601
2017-10-13 11:00:00,26.022,25.10263958495571,0.919360415044288,0.919360415044288
2017-10-13 12:00:00,26.20300000000001,24.894057128462375,1.308942871537635,1.308942871537635
2017-10-13 13:00:00,25.477,25.36740494155017,0.10959505844983042,0.10959505844983042
2017-10-13 14:00:00,25.33,25.345685203684663,-0.015685203684665083,0.015685203684665083
2017-10-13 15:00:00,25.137,25.36117026829228,-0.22417026829227993,0.22417026829227993
2017-10-13 16:00:00,25.005,29.51941960314838,-4.514419603148379,4.514419603148379
2017-10-13 17:00:00,30.331,36.18011783894093,-5.849117838940931,5.849117838940931
2017-10-13 18:00:00,43.511,39.573715119506275,3.9372848804937277,3.9372848804937277
2017-10-13 19:00:00,43.019,43.167289969087435,-0.1482899690874362,0.1482899690874362
2017-10-13 20:00:00,33.031,33.70124210611158,-0.67024210611158,0.67024210611158
2017-10-13 21:00:00,20.463,25.173527286117523,-4.710527286117522,4.710527286117522
2017-10-13 22:00:00,19.3,20.386737061309898,-1.086737061309897,1.086737061309897
2017-10-13 23:00:00,18.746,19.566298721746048,-0.8202987217460489,0.8202987217460489
2017-10-14 00:00:00,18.428,18.703216043594182,-0.27521604359418106,0.27521604359418106
2017-10-14 01:00:00,18.595,18.49338343167449,0.10161656832550747,0.10161656832550747
2017-10-14 02:00:00,18.342,20.71357119128324,-2.371571191283241,2.371571191283241
2017-10-14 03:00:00,18.402,20.52721021857065,-2.1252102185706505,2.1252102185706505
2017-10-14 04:00:00,19.712,22.66641725924594,-2.9544172592459397,2.9544172592459397
2017-10-14 05:00:00,27.229,29.115026319189642,-1.886026319189643,1.886026319189643
2017-10-14 06:00:00,37.159,36.2611548513729,0.8978451486270984,0.8978451486270984
2017-10-14 07:00:00,41.348,33.83027639638206,7.517723603617938,7.517723603617938
2017-10-14 08:00:00,27.461,35.8609147985204,-8.399914798520399,8.399914798520399
2017-10-14 09:00:00,22.234,25.758642019671186,-3.524642019671184,3.524642019671184
2017-10-14 10:00:00,23.301,22.820458918682043,0.4805410813179556,0.4805410813179556
2017-10-14 11:00:00,21.336,23.362537934889154,-2.0265379348891557,2.0265379348891557
2017-10-14 12:00:00,22.148000000000003,22.41435750472311,-0.26635750472310704,0.26635750472310704
2017-10-14 13:00:00,22.357,22.192709607839245,0.1642903921607548,0.1642903921607548
2017-10-14 14:00:00,22.472,22.80181046716166,-0.3298104671616571,0.3298104671616571
2017-10-14 15:00:00,23.006,22.71433826742771,0.29166173257229033,0.29166173257229033
2017-10-14 16:00:00,33.042,24.887145946151474,8.154854053848528,8.154854053848528
2017-10-14 17:00:00,39.185,36.868770917044856,2.3162290829551466,2.3162290829551466
2017-10-14 18:00:00,40.774,43.05426227818413,-2.280262278184132,2.280262278184132
2017-10-14 19:00:00,37.026,40.06525334637528,-3.0392533463752756,3.0392533463752756
2017-10-14 20:00:00,24.557,28.020418482721407,-3.4634184827214085,3.4634184827214085
2017-10-14 21:00:00,19.896,20.601623934755324,-0.705623934755323,0.705623934755323
2017-10-14 22:00:00,18.628,18.900874044376287,-0.2728740443762874,0.2728740443762874
2017-10-14 23:00:00,18.428,17.69322841110823,0.7347715888917712,0.7347715888917712
2017-10-15 00:00:00,18.41,17.6549971301889,0.7550028698111007,0.7550028698111007
2017-10-15 01:00:00,17.889,17.78943885368853,0.09956114631146917,0.09956114631146917
2017-10-15 02:00:00,17.256,18.16739386061196,-0.9113938606119589,0.9113938606119589
2017-10-15 03:00:00,17.519000000000002,17.569219600865885,-0.05021960086588351,0.05021960086588351
2017-10-15 04:00:00,21.889,18.598253278610507,3.2907467213894925,3.2907467213894925
2017-10-15 05:00:00,36.306,31.963738720303958,4.342261279696039,4.342261279696039
2017-10-15 06:00:00,38.361,39.612344716627845,-1.2513447166278482,1.2513447166278482
2017-10-15 07:00:00,36.867,36.14556087638116,0.7214391236188362,0.7214391236188362
2017-10-15 08:00:00,23.797,26.288296966277013,-2.4912969662770124,2.4912969662770124
2017-10-15 09:00:00,19.803,22.255316871920055,-2.452316871920054,2.452316871920054
2017-10-15 10:00:00,21.537,20.2883402758712,1.2486597241287996,1.2486597241287996
2017-10-15 11:00:00,21.105,20.834484850471995,0.2705151495280056,0.2705151495280056
2017-10-15 12:00:00,21.46,20.499283694613016,0.9607163053869847,0.9607163053869847
2017-10-15 13:00:00,20.275,21.060350869075368,-0.7853508690753692,0.7853508690753692
2017-10-15 14:00:00,20.432,20.015934377622205,0.41606562237779343,0.41606562237779343
2017-10-15 15:00:00,20.379,20.754343872375525,-0.3753438723755238,0.3753438723755238
2017-10-15 16:00:00,24.902,25.341985908938078,-0.4399859089380769,0.4399859089380769
2017-10-15 17:00:00,29.232,34.80102138484776,-5.569021384847758,5.569021384847758
2017-10-15 18:00:00,40.839,37.356706859871665,3.482293140128334,3.482293140128334
2017-10-15 19:00:00,38.227,39.274370533232755,-1.0473705332327583,1.0473705332327583
2017-10-15 20:00:00,26.416,28.745536691661275,-2.329536691661275,2.329536691661275
2017-10-15 21:00:00,19.761,20.528071236955572,-0.767071236955573,0.767071236955573
2017-10-15 22:00:00,19.769,18.447556971769284,1.3214430282307141,1.3214430282307141
2017-10-15 23:00:00,19.391,18.613647691170684,0.7773523088293146,0.7773523088293146
2017-10-16 00:00:00,18.098,18.59572846841928,-0.4977284684192824,0.4977284684192824
2017-10-16 01:00:00,17.43,17.866265076326588,-0.4362650763265883,0.4362650763265883
2017-10-16 02:00:00,17.215,18.98011800403358,-1.7651180040335817,1.7651180040335817
2017-10-16 03:00:00,17.491,18.430229406485306,-0.9392294064853068,0.9392294064853068
2017-10-16 04:00:00,21.331,20.244961004742343,1.0860389952576561,1.0860389952576561
2017-10-16 05:00:00,29.519,30.917716228178442,-1.3987162281784435,1.3987162281784435
2017-10-16 06:00:00,34.854,35.87155835885736,-1.0175583588573573,1.0175583588573573
2017-10-16 07:00:00,39.547,34.13576025123434,5.411239748765659,5.411239748765659
2017-10-16 08:00:00,29.781,29.939614603242937,-0.1586146032429383,0.1586146032429383
2017-10-16 09:00:00,21.611,22.860328607128523,-1.249328607128522,1.249328607128522
2017-10-16 10:00:00,22.387,20.60815044966479,1.7788495503352095,1.7788495503352095
2017-10-16 11:00:00,22.821,21.241849337369416,1.5791506626305853,1.5791506626305853
2017-10-16 12:00:00,23.716,21.686827658738803,2.029172341261198,2.029172341261198
2017-10-16 13:00:00,23.719,22.84663418709266,0.8723658129073399,0.8723658129073399
2017-10-16 14:00:00,23.49,23.069605001418495,0.42039499858150364,0.42039499858150364
2017-10-16 15:00:00,23.903,23.160077234462207,0.7429227655377915,0.7429227655377915
2017-10-16 16:00:00,28.5,26.245986065009657,2.2540139349903434,2.2540139349903434
2017-10-16 17:00:00,41.273,36.23386802334034,5.039131976659661,5.039131976659661
2017-10-16 18:00:00,43.383,42.63147100465476,0.7515289953452395,0.7515289953452395
2017-10-16 19:00:00,41.469,41.56327896273613,-0.09427896273612646,0.09427896273612646
2017-10-16 20:00:00,26.651,33.32299933235211,-6.671999332352112,6.671999332352112
2017-10-16 21:00:00,23.146,24.071017929721197,-0.9250179297211965,0.9250179297211965
2017-10-16 22:00:00,19.41,21.598972684156767,-2.1889726841567665,2.1889726841567665
2017-10-16 23:00:00,20.123,19.388138451570935,0.7348615484290661,0.7348615484290661
2017-10-17 00:00:00,18.876,19.632072128760587,-0.7560721287605858,0.7560721287605858
2017-10-17 01:00:00,22.405,18.858122904775087,3.5468770952249145,3.5468770952249145
2017-10-17 02:00:00,26.587,22.93415826939167,3.65284173060833,3.65284173060833
2017-10-17 03:00:00,24.761,26.108733535506467,-1.3477335355064675,1.3477335355064675
2017-10-17 04:00:00,29.211,25.520962452184257,3.6900375478157414,3.6900375478157414
2017-10-17 05:00:00,40.765,39.32133110771819,1.4436688922818135,1.4436688922818135
2017-10-17 06:00:00,40.381,41.57596068375921,-1.1949606837592128,1.1949606837592128
2017-10-17 07:00:00,30.241,36.31836045257764,-6.0773604525776435,6.0773604525776435
2017-10-17 08:00:00,23.985,25.700012908521746,-1.7150129085217465,1.7150129085217465
2017-10-17 09:00:00,21.225,23.565806845809057,-2.3408068458090554,2.3408068458090554
2017-10-17 10:00:00,21.331,21.557309799911703,-0.22630979991170364,0.22630979991170364
2017-10-17 11:00:00,23.136,22.07244196322207,1.0635580367779305,1.0635580367779305
2017-10-17 12:00:00,25.754,23.534550482595225,2.219449517404776,2.219449517404776
2017-10-17 13:00:00,24.47300000000001,25.23384954993743,-0.7608495499374186,0.7608495499374186
2017-10-17 14:00:00,24.69400000000001,24.838797706816777,-0.1447977068167674,0.1447977068167674
2017-10-17 15:00:00,25.289,25.077022901092047,0.2119770989079548,0.2119770989079548
2017-10-17 16:00:00,27.628,28.928160002814895,-1.300160002814895,1.300160002814895
2017-10-17 17:00:00,37.539,38.349989710836105,-0.8109897108361039,0.8109897108361039
2017-10-17 18:00:00,45.583,43.5125861887125,2.0704138112875015,2.0704138112875015
2017-10-17 19:00:00,45.428,43.50432818992488,1.9236718100751204,1.9236718100751204
2017-10-17 20:00:00,33.671,35.85644393409324,-2.185443934093243,2.185443934093243
2017-10-17 21:00:00,26.07,25.75934677830359,0.3106532216964091,0.3106532216964091
2017-10-17 22:00:00,21.288,23.1124841726929,-1.8244841726928982,1.8244841726928982
2017-10-17 23:00:00,19.946,20.7240595418748,-0.7780595418748,0.7780595418748
2017-10-18 00:00:00,20.105,19.787541728800136,0.3174582711998646,0.3174582711998646
2017-10-18 01:00:00,21.599,20.36846934324669,1.2305306567533094,1.2305306567533094
2017-10-18 02:00:00,27.386,24.52841447380136,2.8575855261986405,2.8575855261986405
2017-10-18 03:00:00,25.683000000000003,27.335168388587054,-1.6521683885870502,1.6521683885870502
2017-10-18 04:00:00,28.757,28.391311941367654,0.36568805863234743,0.36568805863234743
2017-10-18 05:00:00,38.81800000000001,38.899246975948444,-0.08124697594843155,0.08124697594843155
2017-10-18 06:00:00,39.879,42.9208427002647,-3.041842700264702,3.041842700264702
2017-10-18 07:00:00,33.745,33.39607541884986,0.34892458115013625,0.34892458115013625
2017-10-18 08:00:00,22.106,25.675233006591633,-3.569233006591631,3.569233006591631
2017-10-18 09:00:00,22.088,22.11690077737658,-0.02890077737657748,0.02890077737657748
2017-10-18 10:00:00,21.756,21.640334433561083,0.11566556643891701,0.11566556643891701
2017-10-18 11:00:00,23.46,22.241142018780337,1.2188579812196636,1.2188579812196636
2017-10-18 12:00:00,26.556,24.036735743852162,2.5192642561478387,2.5192642561478387
2017-10-18 13:00:00,24.482,25.425457157772005,-0.9434571577720057,0.9434571577720057
2017-10-18 14:00:00,24.175,24.816397152966235,-0.6413971529662348,0.6413971529662348
2017-10-18 15:00:00,25.31,24.582267134163477,0.7277328658365221,0.7277328658365221
2017-10-18 16:00:00,26.757,27.467996051047102,-0.7109960510471005,0.7109960510471005
2017-10-18 17:00:00,40.712,36.936256544662015,3.775743455337988,3.775743455337988
2017-10-18 18:00:00,45.18899999999999,43.895623014034356,1.2933769859656365,1.2933769859656365
2017-10-18 19:00:00,43.903,43.60850784089705,0.29449215910295123,0.29449215910295123
2017-10-18 20:00:00,28.145,35.75268510338689,-7.607685103386888,7.607685103386888
2017-10-18 21:00:00,20.928,25.881288506510558,-4.953288506510557,4.953288506510557
2017-10-18 22:00:00,18.372,20.473158174160424,-2.1011581741604246,2.1011581741604246
2017-10-18 23:00:00,18.472,18.25890371334711,0.21309628665289182,0.21309628665289182
2017-10-19 00:00:00,17.463,18.272171116628332,-0.8091711166283311,0.8091711166283311
2017-10-19 01:00:00,19.24,18.329155960711727,0.9108440392882713,0.9108440392882713
2017-10-19 02:00:00,24.837,24.004102042100275,0.8328979578997249,0.8328979578997249
2017-10-19 03:00:00,24.234,26.009584784349936,-1.7755847843499346,1.7755847843499346
2017-10-19 04:00:00,30.858,27.191585521748035,3.6664144782519656,3.6664144782519656
2017-10-19 05:00:00,41.574,38.53412767888517,3.039872321114828,3.039872321114828
2017-10-19 06:00:00,39.604,41.85302455683372,-2.2490245568337173,2.2490245568337173
2017-10-19 07:00:00,26.604,34.03432951823929,-7.43032951823929,7.43032951823929
2017-10-19 08:00:00,22.253,23.989778709933667,-1.7367787099336667,1.7367787099336667
2017-10-19 09:00:00,25.125,22.515420439341714,2.609579560658286,2.609579560658286
2017-10-19 10:00:00,22.928,23.920134031212996,-0.9921340312129949,0.9921340312129949
2017-10-19 11:00:00,23.349,23.276830771270006,0.07216922872999376,0.07216922872999376
2017-10-19 12:00:00,24.878,24.049169434190894,0.8288305658091062,0.8288305658091062
2017-10-19 13:00:00,26.374,24.908858649690075,1.4651413503099242,1.4651413503099242
2017-10-19 14:00:00,24.829,25.6564935144096,-0.8274935144095998,0.8274935144095998
2017-10-19 15:00:00,24.751,25.44735969766804,-0.69635969766804,0.69635969766804
2017-10-19 16:00:00,29.066,27.7524673330903,1.3135326669096976,1.3135326669096976
2017-10-19 17:00:00,38.742,39.54247307820186,-0.8004730782018612,0.8004730782018612
2017-10-19 18:00:00,44.153,43.65719560234112,0.49580439765887974,0.49580439765887974
2017-10-19 19:00:00,42.441,42.92907064710611,-0.48807064710610604,0.48807064710610604
2017-10-19 20:00:00,29.56,33.84450992333839,-4.284509923338394,4.284509923338394
2017-10-19 21:00:00,23.57800000000001,24.021519829521335,-0.44351982952132474,0.44351982952132474
2017-10-19 22:00:00,22.237,22.025501139641346,0.2114988603586525,0.2114988603586525
2017-10-19 23:00:00,21.59,20.94712583958228,0.642874160417719,0.642874160417719
2017-10-20 00:00:00,21.371,21.095285735207923,0.27571426479207517,0.27571426479207517
2017-10-20 01:00:00,22.956,21.327395274166516,1.6286047258334833,1.6286047258334833
2017-10-20 02:00:00,26.097,24.331770263694118,1.7652297363058835,1.7652297363058835
2017-10-20 03:00:00,24.823,26.52179501068717,-1.6987950106871708,1.6987950106871708
2017-10-20 04:00:00,27.299,27.950154709905703,-0.651154709905704,0.651154709905704
2017-10-20 05:00:00,39.79,37.615045498132424,2.1749545018675747,2.1749545018675747
2017-10-20 06:00:00,40.126,42.39325062803255,-2.2672506280325493,2.2672506280325493
2017-10-20 07:00:00,34.099000000000004,34.22655577001414,-0.12755577001413343,0.12755577001413343
2017-10-20 08:00:00,25.813,25.722140139009014,0.0908598609909852,0.0908598609909852
2017-10-20 09:00:00,22.92,25.719039216151476,-2.799039216151474,2.799039216151474
2017-10-20 10:00:00,24.912,22.994800928754568,1.917199071245431,1.917199071245431
2017-10-20 11:00:00,25.837,24.96182150383142,0.87517849616858,0.87517849616858
2017-10-20 12:00:00,25.742,25.23494184507,0.5070581549300002,0.5070581549300002
2017-10-20 13:00:00,25.693,25.436217810583088,0.25678218941691355,0.25678218941691355
2017-10-20 14:00:00,27.459,25.279514721159025,2.179485278840975,2.179485278840975
2017-10-20 15:00:00,27.018,26.195725499439533,0.8222745005604679,0.8222745005604679
2017-10-20 16:00:00,34.0,28.751516481688963,5.248483518311037,5.248483518311037
2017-10-20 17:00:00,44.395,40.85899483104296,3.5360051689570398,3.5360051689570398
2017-10-20 18:00:00,45.952,44.13785128017213,1.8141487198278696,1.8141487198278696
2017-10-20 19:00:00,44.929,44.134911094542545,0.7940889054574569,0.7940889054574569
2017-10-20 20:00:00,29.967,34.8140300341057,-4.8470300341057,4.8470300341057
2017-10-20 21:00:00,25.587,24.81950574454611,0.7674942554538902,0.7674942554538902
2017-10-20 22:00:00,25.313,23.31914420869918,1.9938557913008204,1.9938557913008204
2017-10-20 23:00:00,25.108,23.255764241020323,1.8522357589796776,1.8522357589796776
2017-10-21 00:00:00,24.545,23.95011456599527,0.5948854340047305,0.5948854340047305
2017-10-21 01:00:00,24.149,24.15184242718843,-0.0028424271884297525,0.0028424271884297525
2017-10-21 02:00:00,24.014,24.446780006598942,-0.4327800065989429,0.4327800065989429
2017-10-21 03:00:00,24.018,24.022933937358783,-0.0049339373587820035,0.0049339373587820035
2017-10-21 04:00:00,26.866,26.162006791340335,0.7039932086596643,0.7039932086596643
2017-10-21 05:00:00,42.743,36.169475238843475,6.573524761156527,6.573524761156527
2017-10-21 06:00:00,44.416,43.790112051227055,0.6258879487729416,0.6258879487729416
2017-10-21 07:00:00,36.532,40.88009079865093,-4.3480907986509365,4.3480907986509365
2017-10-21 08:00:00,44.255,27.56938226139117,16.685617738608833,16.685617738608833
2017-10-21 09:00:00,31.026,41.06474320293352,-10.03874320293352,10.03874320293352
2017-10-21 10:00:00,24.116,27.44244189097972,-3.3264418909797193,3.3264418909797193
2017-10-21 11:00:00,24.432,24.151117192747627,0.2808828072523717,0.2808828072523717
2017-10-21 12:00:00,24.014,24.761729398464226,-0.7477293984642266,0.7477293984642266
2017-10-21 13:00:00,23.949,24.011829561954496,-0.0628295619544943,0.0628295619544943
2017-10-21 14:00:00,24.28,24.22771453987229,0.052285460127709626,0.052285460127709626
2017-10-21 15:00:00,23.849,24.48612274469901,-0.6371227446990098,0.6371227446990098
2017-10-21 16:00:00,27.12,31.751014116019103,-4.631014116019102,4.631014116019102
2017-10-21 17:00:00,33.259,38.63542031159497,-5.37642031159497,5.37642031159497
2017-10-21 18:00:00,44.08600000000001,42.87407816859325,1.2119218314067624,1.2119218314067624
2017-10-21 19:00:00,45.379,44.0385958603504,1.3404041396495998,1.3404041396495998
2017-10-21 20:00:00,36.179,35.45962273625681,0.7193772637431906,0.7193772637431906
2017-10-21 21:00:00,37.906,26.904591040694104,11.001408959305895,11.001408959305895
2017-10-21 22:00:00,26.615,30.585481799472404,-3.970481799472406,3.970481799472406
2017-10-21 23:00:00,21.99,25.30146591490436,-3.3114659149043604,3.3114659149043604
2017-10-22 00:00:00,21.841,22.012266134198423,-0.1712661341984223,0.1712661341984223
2017-10-22 01:00:00,21.661,22.149683740766193,-0.4886837407661915,0.4886837407661915
2017-10-22 02:00:00,21.329,22.540537305457836,-1.211537305457835,1.211537305457835
2017-10-22 03:00:00,20.258,22.374651186792743,-2.116651186792744,2.116651186792744
2017-10-22 04:00:00,25.176,24.334500937100504,0.8414990628994943,0.8414990628994943
2017-10-22 05:00:00,29.271,35.66856905412913,-6.397569054129129,6.397569054129129
2017-10-22 06:00:00,40.744,39.092552994288745,1.6514470057112547,1.6514470057112547
2017-10-22 07:00:00,41.47,40.59908383915476,0.8709161608452405,0.8709161608452405
2017-10-22 08:00:00,29.75800000000001,39.54779672263,-9.789796722629987,9.789796722629987
2017-10-22 09:00:00,22.696,25.650710747920314,-2.9547107479203127,2.9547107479203127
2017-10-22 10:00:00,22.374,22.520573843405863,-0.14657384340586432,0.14657384340586432
2017-10-22 11:00:00,21.057,22.5197184011964,-1.4627184011964012,1.4627184011964012
2017-10-22 12:00:00,20.868,21.554669551566484,-0.6866695515664851,0.6866695515664851
2017-10-22 13:00:00,22.29300000000001,21.732825651519953,0.5601743484800572,0.5601743484800572
2017-10-22 14:00:00,22.146,22.95877805849036,-0.812778058490359,0.812778058490359
2017-10-22 15:00:00,23.801,22.55077878223833,1.2502212177616698,1.2502212177616698
2017-10-22 16:00:00,28.323,26.095718629045063,2.2272813709549375,2.2272813709549375
2017-10-22 17:00:00,37.543,36.72850094170158,0.8144990582984164,0.8144990582984164
2017-10-22 18:00:00,43.36,43.28689291130535,0.07310708869464833,0.07310708869464833
2017-10-22 19:00:00,43.38399999999999,42.78093343005674,0.6030665699432518,0.6030665699432518
2017-10-22 20:00:00,40.817,35.687011758226554,5.129988241773447,5.129988241773447
2017-10-22 21:00:00,26.073,31.495097047181826,-5.4220970471818255,5.4220970471818255
2017-10-22 22:00:00,19.891,24.22397567899362,-4.332975678993623,4.332975678993623
2017-10-22 23:00:00,18.068,19.8819211148818,-1.813921114881797,1.813921114881797
2017-10-23 00:00:00,18.058,18.414117143215496,-0.3561171432154957,0.3561171432154957
2017-10-23 01:00:00,21.57800000000001,18.85540932526928,2.7225906747307285,2.7225906747307285
2017-10-23 02:00:00,27.288,22.63053514676118,4.657464853238821,4.657464853238821
2017-10-23 03:00:00,26.183000000000003,26.81073217732376,-0.6277321773237574,0.6277321773237574
2017-10-23 04:00:00,30.936,27.298042305284806,3.637957694715194,3.637957694715194
2017-10-23 05:00:00,41.761,40.66751976346861,1.0934802365313914,1.0934802365313914
2017-10-23 06:00:00,39.809,43.127724811050626,-3.318724811050629,3.318724811050629
2017-10-23 07:00:00,26.202,37.025635138010664,-10.823635138010662,10.823635138010662
2017-10-23 08:00:00,24.774,26.437325342038296,-1.663325342038295,1.663325342038295
2017-10-23 09:00:00,23.192,24.586681932715745,-1.394681932715745,1.394681932715745
2017-10-23 10:00:00,23.215,22.989095651656307,0.22590434834369333,0.22590434834369333
2017-10-23 11:00:00,25.996,22.756498016702214,3.239501983297785,3.239501983297785
2017-10-23 12:00:00,25.107,24.421556603658363,0.6854433963416362,0.6854433963416362
2017-10-23 13:00:00,24.339,24.21830473182933,0.12069526817066745,0.12069526817066745
2017-10-23 14:00:00,24.335,23.986252899503313,0.3487471004966878,0.3487471004966878
2017-10-23 15:00:00,24.657,25.016935662724304,-0.359935662724304,0.359935662724304
2017-10-23 16:00:00,25.975,28.00933612297461,-2.034336122974608,2.034336122974608
2017-10-23 17:00:00,29.232,38.124075336255785,-8.892075336255786,8.892075336255786
2017-10-23 18:00:00,39.364,38.353994503290586,1.010005496709411,1.010005496709411
2017-10-23 19:00:00,41.604,41.361308578805414,0.24269142119458564,0.24269142119458564
2017-10-23 20:00:00,35.136,38.2528154670164,-3.1168154670163943,3.1168154670163943
2017-10-23 21:00:00,21.626,25.405680220330083,-3.779680220330082,3.779680220330082
2017-10-23 22:00:00,19.646,20.552231339434993,-0.9062313394349921,0.9062313394349921
2017-10-23 23:00:00,18.54,19.32150105693686,-0.781501056936861,0.781501056936861
2017-10-24 00:00:00,18.045,17.66579810263312,0.37920189736688314,0.37920189736688314
2017-10-24 01:00:00,21.115,18.162650653439787,2.9523493465602115,2.9523493465602115
2017-10-24 02:00:00,23.666,24.50960696288073,-0.843606962880731,0.843606962880731
2017-10-24 03:00:00,22.384,24.801974710540232,-2.417974710540232,2.417974710540232
2017-10-24 04:00:00,26.521,26.269752902937483,0.25124709706251735,0.25124709706251735
2017-10-24 05:00:00,35.21,35.90876782936885,-0.6987678293688475,0.6987678293688475
2017-10-24 06:00:00,37.122,39.59775896678435,-2.4757589667843476,2.4757589667843476
2017-10-24 07:00:00,30.038,32.71778492609698,-2.679784926096982,2.679784926096982
2017-10-24 08:00:00,21.584,24.37584562276571,-2.7918456227657096,2.7918456227657096
2017-10-24 09:00:00,21.862,22.24065409712386,-0.3786540971238601,0.3786540971238601
2017-10-24 10:00:00,21.63,21.367846328736377,0.2621536712636221,0.2621536712636221
2017-10-24 11:00:00,22.983,22.362006132672267,0.6209938673277335,0.6209938673277335
2017-10-24 12:00:00,24.322,23.479757768046756,0.842242231953243,0.842242231953243
2017-10-24 13:00:00,22.096,24.933156433160992,-2.8371564331609918,2.8371564331609918
2017-10-24 14:00:00,22.709,22.558587666276324,0.15041233372367557,0.15041233372367557
2017-10-24 15:00:00,21.089,23.264750526561855,-2.175750526561856,2.175750526561856
2017-10-24 16:00:00,27.44400000000001,24.472656785698295,2.971343214301715,2.971343214301715
2017-10-24 17:00:00,38.885,34.63226213337395,4.252737866626049,4.252737866626049
2017-10-24 18:00:00,40.89,40.99811730303268,-0.10811730303267808,0.10811730303267808
2017-10-24 19:00:00,41.025,39.52001890193314,1.5049810980668568,1.5049810980668568
2017-10-24 20:00:00,26.305,34.87799737600649,-8.57299737600649,8.57299737600649
2017-10-24 21:00:00,23.249,22.929775069297563,0.3192249307024362,0.3192249307024362
2017-10-24 22:00:00,16.994,21.242349462400448,-4.248349462400448,4.248349462400448
2017-10-24 23:00:00,15.486,16.271764840269174,-0.7857648402691737,0.7857648402691737
2017-10-25 00:00:00,15.483,15.718354324864281,-0.23535432486428043,0.23535432486428043
2017-10-25 01:00:00,18.423,16.169372285300604,2.2536277146993946,2.2536277146993946
2017-10-25 02:00:00,24.57800000000001,20.602116177072364,3.9758838229276456,3.9758838229276456
2017-10-25 03:00:00,22.526,24.815322014126693,-2.289322014126693,2.289322014126693
2017-10-25 04:00:00,31.326,25.32246366685431,6.003536333145689,6.003536333145689
2017-10-25 05:00:00,38.224,37.01477263188571,1.2092273681142842,1.2092273681142842
2017-10-25 06:00:00,36.95,41.69161589918465,-4.741615899184644,4.741615899184644
2017-10-25 07:00:00,22.442,30.565857403037874,-8.123857403037874,8.123857403037874
2017-10-25 08:00:00,22.093000000000004,21.695299163912086,0.3977008360879175,0.3977008360879175
2017-10-25 09:00:00,21.241,21.72063343042934,-0.4796334304293417,0.4796334304293417
2017-10-25 10:00:00,21.195,20.583099857594664,0.6119001424053359,0.6119001424053359
2017-10-25 11:00:00,22.089,21.520434665046427,0.568565334953572,0.568565334953572
2017-10-25 12:00:00,21.878,22.75272191053355,-0.8747219105335482,0.8747219105335482
2017-10-25 13:00:00,22.057,21.388072234182914,0.6689277658170845,0.6689277658170845
2017-10-25 14:00:00,23.639,21.68119319799006,1.9578068020099408,1.9578068020099408
2017-10-25 15:00:00,23.252,23.11168497556606,0.14031502443393862,0.14031502443393862
2017-10-25 16:00:00,26.554,26.04144785616944,0.5125521438305576,0.5125521438305576
2017-10-25 17:00:00,29.671,35.98800424902331,-6.317004249023313,6.317004249023313
2017-10-25 18:00:00,41.909,38.25270230767743,3.6562976923225676,3.6562976923225676
2017-10-25 19:00:00,39.884,41.544095062433854,-1.6600950624338537,1.6600950624338537
2017-10-25 20:00:00,23.536,29.239338687544247,-5.703338687544246,5.703338687544246
2017-10-25 21:00:00,16.653,22.244956551334994,-5.591956551334995,5.591956551334995
2017-10-25 22:00:00,17.896,16.025845673029576,1.8701543269704253,1.8701543269704253
2017-10-25 23:00:00,17.177,17.844198826536964,-0.6671988265369642,0.6671988265369642
2017-10-26 00:00:00,16.429000000000002,17.09585186387453,-0.6668518638745269,0.6668518638745269
2017-10-26 01:00:00,17.219,16.276299685237255,0.942700314762746,0.942700314762746
2017-10-26 02:00:00,23.82800000000001,20.03874808895764,3.7892519110423706,3.7892519110423706
2017-10-26 03:00:00,23.19,23.964409674020843,-0.7744096740208413,0.7744096740208413
2017-10-26 04:00:00,28.04300000000001,26.867598556694798,1.175401443305212,1.175401443305212
2017-10-26 05:00:00,38.659,35.98053269045962,2.6784673095403804,2.6784673095403804
2017-10-26 06:00:00,37.715,41.548688215239,-3.8336882152389933,3.8336882152389933
2017-10-26 07:00:00,29.787,32.73982264933689,-2.9528226493368877,2.9528226493368877
2017-10-26 08:00:00,25.112,23.6156501362077,1.4963498637922967,1.4963498637922967
2017-10-26 09:00:00,23.456,23.628284200440408,-0.1722842004404086,0.1722842004404086
2017-10-26 10:00:00,23.412,22.527216256350524,0.884783743649475,0.884783743649475
2017-10-26 11:00:00,22.491,22.46878922268779,0.02221077731221044,0.02221077731221044
2017-10-26 12:00:00,22.162,21.810546661205745,0.3514533387942542,0.3514533387942542
2017-10-26 13:00:00,22.809,21.81981931890902,0.989180681090982,0.989180681090982
2017-10-26 14:00:00,23.029,22.891176860028477,0.1378231399715233,0.1378231399715233
2017-10-26 15:00:00,22.682,22.98775308380247,-0.3057530838024718,0.3057530838024718
2017-10-26 16:00:00,28.87,25.313801838200302,3.556198161799699,3.556198161799699
2017-10-26 17:00:00,35.037,35.57373435395058,-0.5367343539505782,0.5367343539505782
2017-10-26 18:00:00,37.654,40.16376220507124,-2.509762205071233,2.509762205071233
2017-10-26 19:00:00,34.492,38.044892541788926,-3.5528925417889283,3.5528925417889283
2017-10-26 20:00:00,19.604,26.3749785749102,-6.7709785749102025,6.7709785749102025
2017-10-26 21:00:00,16.596,18.968803080513318,-2.372803080513318,2.372803080513318
2017-10-26 22:00:00,16.354,15.666909893184453,0.6870901068155462,0.6870901068155462
2017-10-26 23:00:00,16.23,15.798954544751355,0.4310454552486451,0.4310454552486451
2017-10-27 00:00:00,16.128,15.368673885493244,0.7593261145067558,0.7593261145067558
2017-10-27 01:00:00,18.927,15.961575271128117,2.9654247288718825,2.9654247288718825
2017-10-27 02:00:00,21.719,20.5655734683448,1.1534265316551995,1.1534265316551995
2017-10-27 03:00:00,21.154,22.532526741160176,-1.3785267411601758,1.3785267411601758
2017-10-27 04:00:00,30.226,25.50519776074082,4.720802239259179,4.720802239259179
2017-10-27 05:00:00,37.322,36.4613196264379,0.8606803735621043,0.8606803735621043
2017-10-27 06:00:00,36.146,40.513081055047934,-4.367081055047933,4.367081055047933
2017-10-27 07:00:00,22.679,30.440529828713213,-7.761529828713215,7.761529828713215
2017-10-27 08:00:00,21.886,21.78811840995525,0.09788159004475006,0.09788159004475006
2017-10-27 09:00:00,19.423,21.35076907805664,-1.9277690780566417,1.9277690780566417
2017-10-27 10:00:00,20.55,20.13530687670536,0.41469312329464003,0.41469312329464003
2017-10-27 11:00:00,20.604,19.947318162401228,0.6566818375987715,0.6566818375987715
2017-10-27 12:00:00,19.305,20.176436124316062,-0.8714361243160624,0.8714361243160624
2017-10-27 13:00:00,19.037,19.59727909706273,-0.5602790970627325,0.5602790970627325
2017-10-27 14:00:00,19.764,19.232537138869453,0.5314628611305459,0.5314628611305459
2017-10-27 15:00:00,19.279,20.214480749402757,-0.9354807494027568,0.9354807494027568
2017-10-27 16:00:00,22.845,26.316728769747268,-3.471728769747269,3.471728769747269
2017-10-27 17:00:00,27.161,31.45083017484403,-4.2898301748440275,4.2898301748440275
2017-10-27 18:00:00,32.27,35.22944333064033,-2.959443330640326,2.959443330640326
2017-10-27 19:00:00,37.76,33.4587221791947,4.301277820805296,4.301277820805296
2017-10-27 20:00:00,32.418,31.018485504574603,1.3995144954253966,1.3995144954253966
2017-10-27 21:00:00,20.968000000000004,20.528291574222276,0.4397084257777273,0.4397084257777273
2017-10-27 22:00:00,16.998,17.79643589252785,-0.7984358925278485,0.7984358925278485
2017-10-27 23:00:00,16.151,15.045834214273691,1.1051657857263084,1.1051657857263084
2017-10-28 00:00:00,16.352,15.094664697563157,1.257335302436843,1.257335302436843
2017-10-28 01:00:00,16.602,15.283718565239429,1.3182814347605714,1.3182814347605714
2017-10-28 02:00:00,16.525,15.57018920708115,0.954810792918849,0.954810792918849
2017-10-28 03:00:00,15.693,15.825371163954857,-0.1323711639548577,0.1323711639548577
2017-10-28 04:00:00,20.614,20.54771831789586,0.06628168210414032,0.06628168210414032
2017-10-28 05:00:00,27.507,29.016475202176583,-1.5094752021765814,1.5094752021765814
2017-10-28 06:00:00,35.254,35.04411421015596,0.20988578984403716,0.20988578984403716
2017-10-28 07:00:00,36.978,31.663632404096685,5.314367595903317,5.314367595903317
2017-10-28 08:00:00,27.818,28.443154025848536,-0.6251540258485342,0.6251540258485342
2017-10-28 09:00:00,20.608,22.157647517807465,-1.5496475178074647,1.5496475178074647
2017-10-28 10:00:00,19.831,19.353629038796832,0.47737096120316735,0.47737096120316735
2017-10-28 11:00:00,19.202,19.140231058575488,0.06176894142451417,0.06176894142451417
2017-10-28 12:00:00,18.921,18.73399944406124,0.1870005559387593,0.1870005559387593
2017-10-28 13:00:00,17.96,17.587476362168246,0.3725236378317547,0.3725236378317547
2017-10-28 14:00:00,19.922,17.847815345077827,2.074184654922174,2.074184654922174
2017-10-28 15:00:00,18.921,19.256713862282645,-0.33571386228264544,0.33571386228264544
2017-10-28 16:00:00,21.778,20.243018509303525,1.5349814906964738,1.5349814906964738
2017-10-28 17:00:00,26.465,29.02762157793466,-2.56262157793466,2.56262157793466
2017-10-28 18:00:00,26.981,33.60167135237423,-6.620671352374231,6.620671352374231
2017-10-28 19:00:00,27.664,32.221244683314254,-4.557244683314252,4.557244683314252
2017-10-28 20:00:00,35.666,29.243653577289216,6.422346422710781,6.422346422710781
2017-10-28 21:00:00,25.603,27.88676935073237,-2.283769350732367,2.283769350732367
2017-10-28 22:00:00,16.153,18.606432515769068,-2.4534325157690695,2.4534325157690695
2017-10-28 23:00:00,16.56,14.2128834695806,2.347116530419399,2.347116530419399
2017-10-29 00:00:00,16.0,15.092738535354595,0.9072614646454049,0.9072614646454049
2017-10-29 01:00:00,16.289,15.346229776027728,0.9427702239722731,0.9427702239722731
2017-10-29 02:00:00,16.487000000000002,15.638483717547338,0.848516282452664,0.848516282452664
2017-10-29 03:00:00,16.072,15.638483717547338,0.4335162824526613,0.4335162824526613
2017-10-29 04:00:00,19.607,17.327163765514634,2.2798362344853658,2.2798362344853658
2017-10-29 05:00:00,31.225,31.061579604350346,0.1634203956496556,0.1634203956496556
2017-10-29 06:00:00,36.276,36.05924653839654,0.2167534616034601,0.2167534616034601
2017-10-29 07:00:00,37.171,36.77851073840328,0.39248926159672237,0.39248926159672237
2017-10-29 08:00:00,33.54,27.35365806055696,6.1863419394430395,6.1863419394430395
2017-10-29 09:00:00,40.671,23.667200213988174,17.003799786011825,17.003799786011825
2017-10-29 10:00:00,33.902,34.33869739780413,-0.4366973978041315,0.4366973978041315
2017-10-29 11:00:00,32.048,25.188755884542577,6.859244115457425,6.859244115457425
2017-10-29 12:00:00,31.899,26.21752598668182,5.68147401331818,5.68147401331818
2017-10-29 13:00:00,30.341,26.744003727789142,3.596996272210859,3.596996272210859
2017-10-29 14:00:00,30.238000000000003,26.27829701772915,3.9597029822708514,3.9597029822708514
2017-10-29 15:00:00,33.393,25.866265522994812,7.5267344770051885,7.5267344770051885
2017-10-29 16:00:00,34.121,30.573405073794973,3.5475949262050293,3.5475949262050293
2017-10-29 17:00:00,37.911,35.038057036835035,2.8729429631649666,2.8729429631649666
2017-10-29 18:00:00,46.788,36.20586128594574,10.58213871405426,10.58213871405426
2017-10-29 19:00:00,49.894,45.00445259253563,4.88954740746437,4.88954740746437
2017-10-29 20:00:00,46.317,45.736951147357956,0.5800488526420438,0.5800488526420438
2017-10-29 21:00:00,35.268,34.52780899333619,0.7401910066638138,0.7401910066638138
2017-10-29 22:00:00,27.761,27.4433998321548,0.3176001678451996,0.3176001678451996
2017-10-29 23:00:00,26.351,25.530339828721157,0.8206601712788419,0.8206601712788419
2017-10-30 00:00:00,25.935,24.651608594107685,1.2833914058923135,1.2833914058923135
2017-10-30 01:00:00,26.551,24.682690611392506,1.8683093886074928,1.8683093886074928
2017-10-30 02:00:00,27.814,27.21480129946978,0.59919870053022,0.59919870053022
2017-10-30 03:00:00,26.843000000000004,28.186597179964917,-1.3435971799649131,1.3435971799649131
2017-10-30 04:00:00,28.964,28.25051426210651,0.7134857378934889,0.7134857378934889
2017-10-30 05:00:00,37.457,41.39033753145969,-3.933337531459692,3.933337531459692
2017-10-30 06:00:00,40.855,44.94063974561312,-4.085639745613122,4.085639745613122
2017-10-30 07:00:00,55.832,40.529522402781446,15.302477597218555,15.302477597218555
2017-10-30 08:00:00,52.292,46.44229609755808,5.849703902441924,5.849703902441924
2017-10-30 09:00:00,39.292,43.47573025259788,-4.183730252597876,4.183730252597876
2017-10-30 10:00:00,34.388000000000005,33.32435544912178,1.063644550878223,1.063644550878223
2017-10-30 11:00:00,34.346,32.000419400937375,2.3455805990626217,2.3455805990626217
2017-10-30 12:00:00,32.974000000000004,33.97161256465823,-0.9976125646582261,0.9976125646582261
2017-10-30 13:00:00,36.044,32.24229488764166,3.8017051123583343,3.8017051123583343
2017-10-30 14:00:00,34.996,35.87355050605995,-0.8775505060599471,0.8775505060599471
2017-10-30 15:00:00,37.079,35.63280069013671,1.4461993098632888,1.4461993098632888
2017-10-30 16:00:00,33.628,38.79408868211917,-5.166088682119167,5.166088682119167
2017-10-30 17:00:00,44.324,40.18117605052041,4.142823949479585,4.142823949479585
2017-10-30 18:00:00,49.563,49.04551379980694,0.517486200193062,0.517486200193062
2017-10-30 19:00:00,48.663,50.09662918557074,-1.4336291855707444,1.4336291855707444
2017-10-30 20:00:00,41.261,44.181157892261204,-2.9201578922612015,2.9201578922612015
2017-10-30 21:00:00,34.285,33.467569953015065,0.8174300469849314,0.8174300469849314
2017-10-30 22:00:00,30.939,32.757715119989065,-1.818715119989065,1.818715119989065
2017-10-30 23:00:00,30.123,29.3669293190327,0.7560706809673015,0.7560706809673015
2017-10-31 00:00:00,29.706,29.22592356016345,0.480076439836548,0.480076439836548
2017-10-31 01:00:00,34.019,29.661810574952096,4.357189425047903,4.357189425047903
2017-10-31 02:00:00,38.447,35.50116110601279,2.945838893987215,2.945838893987215
2017-10-31 03:00:00,34.44,39.15228757337761,-4.7122875733776155,4.7122875733776155
2017-10-31 04:00:00,41.808,35.753499689463844,6.054500310536156,6.054500310536156
2017-10-31 05:00:00,50.478,47.71869840005627,2.7593015999437327,2.7593015999437327
2017-10-31 06:00:00,49.20399999999999,51.65636756461048,-2.4523675646104834,2.4523675646104834
2017-10-31 07:00:00,40.804,47.4304147442968,-6.626414744296795,6.626414744296795
2017-10-31 08:00:00,42.323,34.86942990447603,7.453570095523972,7.453570095523972
2017-10-31 09:00:00,38.79,39.53690857743565,-0.7469085774356543,0.7469085774356543
2017-10-31 10:00:00,37.647,35.62784404711372,2.0191559528862797,2.0191559528862797
2017-10-31 11:00:00,38.188,37.49085503600895,0.6971449639910503,0.6971449639910503
2017-10-31 12:00:00,36.933,36.770230559006684,0.16276944099331558,0.16276944099331558
2017-10-31 13:00:00,36.394,36.221641856673926,0.1723581433260719,0.1723581433260719
2017-10-31 14:00:00,43.338,36.19685844252795,7.141141557472054,7.141141557472054
2017-10-31 15:00:00,40.361,41.93816053069923,-1.5771605306992313,1.5771605306992313
2017-10-31 16:00:00,43.916,37.34066607157361,6.575333928426389,6.575333928426389
2017-10-31 17:00:00,42.912,47.02858785774319,-4.116587857743191,4.116587857743191
2017-10-31 18:00:00,56.767,47.990860150557566,8.776139849442437,8.776139849442437
2017-10-31 19:00:00,57.617,53.49392969744419,4.12307030255581,4.12307030255581
2017-10-31 20:00:00,48.928,48.93985173454534,-0.011851734545345494,0.011851734545345494
2017-10-31 21:00:00,33.224000000000004,43.23110929931834,-10.007109299318337,10.007109299318337
2017-10-31 22:00:00,31.876,30.17713992749546,1.6988600725045409,1.6988600725045409
2017-10-31 23:00:00,30.045,29.872085455964672,0.17291454403532924,0.17291454403532924
2017-11-01 00:00:00,29.974,29.275361846820736,0.6986381531792638,0.6986381531792638
2017-11-01 01:00:00,32.959,30.6840747772009,2.2749252227991015,2.2749252227991015
2017-11-01 02:00:00,35.111,36.13544010395608,-1.0244401039560813,1.0244401039560813
2017-11-01 03:00:00,34.388000000000005,36.36710564295982,-1.9791056429598157,1.9791056429598157
2017-11-01 04:00:00,37.276,38.072655046046336,-0.7966550460463324,0.7966550460463324
2017-11-01 05:00:00,45.724,45.25174638929154,0.4722536107084565,0.4722536107084565
2017-11-01 06:00:00,49.06399999999999,49.74163906153414,-0.6776390615341441,0.6776390615341441
2017-11-01 07:00:00,43.803,45.1755782657642,-1.3725782657642043,1.3725782657642043
2017-11-01 08:00:00,36.911,38.78094334719398,-1.8699433471939813,1.8699433471939813
2017-11-01 09:00:00,37.417,33.45992162237472,3.9570783776252796,3.9570783776252796
2017-11-01 10:00:00,34.75,37.50591539665208,-2.755915396652078,2.755915396652078
2017-11-01 11:00:00,34.812,34.604744127141586,0.2072558728584113,0.2072558728584113
2017-11-01 12:00:00,34.008,35.09052639844535,-1.0825263984453457,1.0825263984453457
2017-11-01 13:00:00,33.683,34.191247363596226,-0.5082473635962259,0.5082473635962259
2017-11-01 14:00:00,31.308000000000003,35.69730420720607,-4.389304207206063,4.389304207206063
2017-11-01 15:00:00,31.408,32.63967307775847,-1.2316730777584652,1.2316730777584652
2017-11-01 16:00:00,35.85,35.9287711644678,-0.07877116446779553,0.07877116446779553
2017-11-01 17:00:00,44.339,41.530495472423425,2.8085045275765737,2.8085045275765737
2017-11-01 18:00:00,46.356,49.209856589025485,-2.853856589025483,2.853856589025483
2017-11-01 19:00:00,41.203,48.729315311456304,-7.526315311456301,7.526315311456301
2017-11-01 20:00:00,33.412,39.17078082766662,-5.7587808276666195,5.7587808276666195
2017-11-01 21:00:00,27.899,30.65167710029013,-2.7526771002901285,2.7526771002901285
2017-11-01 22:00:00,25.286,28.77110394362363,-3.4851039436236277,3.4851039436236277
2017-11-01 23:00:00,25.005,25.886751305624465,-0.8817513056244657,0.8817513056244657
2017-11-02 00:00:00,23.718000000000004,25.186732115165402,-1.4687321151653983,1.4687321151653983
2017-11-02 01:00:00,27.637,26.231068034762096,1.4059319652379045,1.4059319652379045
2017-11-02 02:00:00,29.873,30.644442750948524,-0.7714427509485233,0.7714427509485233
2017-11-02 03:00:00,29.233,31.360319092780273,-2.1273190927802723,2.1273190927802723
2017-11-02 04:00:00,33.484,31.40273089164994,2.0812691083500603,2.0812691083500603
2017-11-02 05:00:00,45.147,42.577052463873976,2.5699475361260227,2.5699475361260227
2017-11-02 06:00:00,44.526,47.724770155006766,-3.1987701550067626,3.1987701550067626
2017-11-02 07:00:00,32.166,41.2111559296045,-9.045155929604505,9.045155929604505
2017-11-02 08:00:00,33.308,29.599469092296644,3.7085309077033557,3.7085309077033557
2017-11-02 09:00:00,38.614,33.11292841718949,5.501071582810511,5.501071582810511
2017-11-02 10:00:00,28.824,36.11920117551668,-7.295201175516677,7.295201175516677
2017-11-02 11:00:00,28.849,28.630817227543478,0.2181827724565224,0.2181827724565224
2017-11-02 12:00:00,28.505,29.394069099311427,-0.8890690993114276,0.8890690993114276
2017-11-02 13:00:00,25.396,29.020544103684138,-3.624544103684137,3.624544103684137
2017-11-02 14:00:00,26.607,25.839306463293735,0.7676935367062647,0.7676935367062647
2017-11-02 15:00:00,27.832,27.384634610514333,0.4473653894856682,0.4473653894856682
2017-11-02 16:00:00,28.282,31.291929106569132,-3.009929106569132,3.009929106569132
2017-11-02 17:00:00,30.53,37.53735312147683,-7.007353121476832,7.007353121476832
2017-11-02 18:00:00,42.932,39.65194678201971,3.2800532179802957,3.2800532179802957
2017-11-02 19:00:00,44.519,43.25523010390533,1.263769896094665,1.263769896094665
2017-11-02 20:00:00,36.502,36.19000696748273,0.31199303251727173,0.31199303251727173
2017-11-02 21:00:00,27.858,27.958655293390482,-0.1006552933904814,0.1006552933904814
2017-11-02 22:00:00,26.705,25.848846146219007,0.8561538537809916,0.8561538537809916
2017-11-02 23:00:00,26.894,25.81613812319339,1.0778618768066082,1.0778618768066082
2017-11-03 00:00:00,28.307,25.92073464465775,2.3862653553422497,2.3862653553422497
2017-11-03 01:00:00,29.182,27.87241368044759,1.309586319552409,1.309586319552409
2017-11-03 02:00:00,29.548,29.750148853055332,-0.20214885305533414,0.20214885305533414
2017-11-03 03:00:00,29.586,30.364353438136686,-0.778353438136687,0.778353438136687
2017-11-03 04:00:00,31.247,31.806541526990763,-0.5595415269907633,0.5595415269907633
2017-11-03 05:00:00,37.954,41.94167694417407,-3.987676944174069,3.987676944174069
2017-11-03 06:00:00,45.26300000000001,44.46349080899981,0.7995091910002046,0.7995091910002046
2017-11-03 07:00:00,42.17100000000001,42.818020459975585,-0.6470204599755789,0.6470204599755789
2017-11-03 08:00:00,41.902,31.771192357539235,10.130807642460766,10.130807642460766
2017-11-03 09:00:00,35.085,34.87781211644468,0.2071878835553207,0.2071878835553207
2017-11-03 10:00:00,33.36,31.850261835848656,1.5097381641513437,1.5097381641513437
2017-11-03 11:00:00,32.46,31.857101918815527,0.602898081184474,0.602898081184474
2017-11-03 12:00:00,30.748,30.235761376163286,0.5122386238367156,0.5122386238367156
2017-11-03 13:00:00,30.62,29.026900787772355,1.5930992122276457,1.5930992122276457
2017-11-03 14:00:00,29.591,29.20356329673011,0.3874367032698913,0.3874367032698913
2017-11-03 15:00:00,30.05,28.910274202185622,1.1397257978143784,1.1397257978143784
2017-11-03 16:00:00,34.479,30.73534255616784,3.7436574438321593,3.7436574438321593
2017-11-03 17:00:00,43.771,39.81947282000565,3.9515271799943505,3.9515271799943505
2017-11-03 18:00:00,47.162,45.13605631240957,2.025943687590427,2.025943687590427
2017-11-03 19:00:00,46.805,44.59233996757803,2.2126600324219723,2.2126600324219723
2017-11-03 20:00:00,35.208,36.28356742054501,-1.0755674205450134,1.0755674205450134
2017-11-03 21:00:00,30.09,29.412733804422988,0.6772661955770118,0.6772661955770118
2017-11-03 22:00:00,28.037,27.653759662242095,0.3832403377579041,0.3832403377579041
2017-11-03 23:00:00,27.761,26.221936701078118,1.5390632989218815,1.5390632989218815
2017-11-04 00:00:00,27.021,27.105883055111793,-0.08488305511179206,0.08488305511179206
2017-11-04 01:00:00,26.891,27.093943256326067,-0.20294325632606913,0.20294325632606913
2017-11-04 02:00:00,26.727,27.1600317027375,-0.43303170273749814,0.43303170273749814
2017-11-04 03:00:00,26.403,27.067171814663247,-0.6641718146632485,0.6641718146632485
2017-11-04 04:00:00,31.487,28.14438310853095,3.3426168914690493,3.3426168914690493
2017-11-04 05:00:00,41.613,40.605899334774314,1.0071006652256855,1.0071006652256855
2017-11-04 06:00:00,45.345,46.422883747452126,-1.0778837474521268,1.0778837474521268
2017-11-04 07:00:00,44.29600000000001,42.43054074066028,1.8654592593397297,1.8654592593397297
2017-11-04 08:00:00,39.299,38.731004212487704,0.5679957875122952,0.5679957875122952
2017-11-04 09:00:00,44.846,32.0430428407568,12.8029571592432,12.8029571592432
2017-11-04 10:00:00,42.111,40.91282285840127,1.1981771415987268,1.1981771415987268
2017-11-04 11:00:00,41.88800000000001,33.288001569005786,8.599998430994226,8.599998430994226
2017-11-04 12:00:00,35.562,36.92894511352483,-1.3669451135248352,1.3669451135248352
2017-11-04 13:00:00,32.299,32.334774517617575,-0.03577451761757544,0.03577451761757544
2017-11-04 14:00:00,31.112,30.60698503236498,0.5050149676350166,0.5050149676350166
2017-11-04 15:00:00,32.242,29.8785646539607,2.363435346039296,2.363435346039296
2017-11-04 16:00:00,32.271,32.905431026628456,-0.6344310266284552,0.6344310266284552
2017-11-04 17:00:00,36.056,39.41911032978859,-3.36311032978859,3.36311032978859
2017-11-04 18:00:00,48.92,40.862610379947704,8.057389620052298,8.057389620052298
2017-11-04 19:00:00,46.137,49.27272169740458,-3.135721697404577,3.135721697404577
2017-11-04 20:00:00,32.86,37.31441547174168,-4.454415471741683,4.454415471741683
2017-11-04 21:00:00,25.954,28.31745649684835,-2.3634564968483502,2.3634564968483502
2017-11-04 22:00:00,24.283,25.957086194195373,-1.6740861941953717,1.6740861941953717
2017-11-04 23:00:00,25.812,23.770256714999256,2.041743285000745,2.041743285000745
2017-11-05 00:00:00,25.43,24.880462222218068,0.5495377777819321,0.5495377777819321
2017-11-05 01:00:00,24.742,25.200299460605557,-0.4582994606055557,0.4582994606055557
2017-11-05 02:00:00,49.492,24.995592612419312,24.496407387580685,24.496407387580685
2017-11-05 03:00:00,25.792,49.511439325821975,-23.719439325821973,23.719439325821973
2017-11-05 04:00:00,27.244,27.467234915755142,-0.22323491575514254,0.22323491575514254
2017-11-05 05:00:00,34.555,35.24930044453621,-0.6943004445362106,0.6943004445362106
2017-11-05 06:00:00,47.79,44.05262588826613,3.737374111733871,3.737374111733871
2017-11-05 07:00:00,49.467,48.27484942772784,1.192150572272162,1.192150572272162
2017-11-05 08:00:00,36.58,42.654905958008534,-6.074905958008536,6.074905958008536
2017-11-05 09:00:00,34.467,33.87273228567344,0.5942677143265556,0.5942677143265556
2017-11-05 10:00:00,33.425,35.12241426289307,-1.6974142628930693,1.6974142628930693
2017-11-05 11:00:00,32.568000000000005,35.11858824436758,-2.5505882443675745,2.5505882443675745
2017-11-05 12:00:00,37.125,32.495743736347556,4.629256263652444,4.629256263652444
2017-11-05 13:00:00,36.294,35.325082511716595,0.9689174882834024,0.9689174882834024
2017-11-05 14:00:00,36.421,33.62138509851252,2.7996149014874803,2.7996149014874803
2017-11-05 15:00:00,35.054,34.56515986842018,0.48884013157982054,0.48884013157982054
2017-11-05 16:00:00,32.384,34.463147736634944,-2.079147736634944,2.079147736634944
2017-11-05 17:00:00,39.269,39.84340581172169,-0.5744058117216895,0.5744058117216895
2017-11-05 18:00:00,44.316,46.83616919804946,-2.5201691980494587,2.5201691980494587
2017-11-05 19:00:00,44.725,45.97124661061799,-1.2462466106179875,1.2462466106179875
2017-11-05 20:00:00,34.469,37.63105860725015,-3.1620586072501453,3.1620586072501453
2017-11-05 21:00:00,30.925,28.72179134701841,2.2032086529815906,2.2032086529815906
2017-11-05 22:00:00,26.6,28.489579230531074,-1.8895792305310728,1.8895792305310728
2017-11-05 23:00:00,40.095,26.26406631876079,13.830933681239209,13.830933681239209
2017-11-06 00:00:00,41.565,40.36865224304536,1.196347756954637,1.196347756954637
2017-11-06 01:00:00,41.249,42.18094857013195,-0.9319485701319508,0.9319485701319508
2017-11-06 02:00:00,44.291,44.8434013544859,-0.5524013544859017,0.5524013544859017
2017-11-06 03:00:00,47.174,43.523182898097026,3.650817101902973,3.650817101902973
2017-11-06 04:00:00,54.095,44.44793913759326,9.64706086240674,9.64706086240674
2017-11-06 05:00:00,59.907,55.73328759282875,4.173712407171244,4.173712407171244
2017-11-06 06:00:00,58.132,59.0727025452304,-0.9407025452304012,0.9407025452304012
2017-11-06 07:00:00,42.815,55.2943191561178,-12.479319156117803,12.479319156117803
2017-11-06 08:00:00,36.552,38.65893664326495,-2.1069366432649517,2.1069366432649517
2017-11-06 09:00:00,35.581,35.40239027846646,0.17860972153354027,0.17860972153354027
2017-11-06 10:00:00,35.098,35.45020429166521,-0.3522042916652097,0.3522042916652097
2017-11-06 11:00:00,33.729,34.94890164613199,-1.2199016461319943,1.2199016461319943
2017-11-06 12:00:00,34.386,34.72631827223229,-0.34031827223228817,0.34031827223228817
2017-11-06 13:00:00,34.532,35.48174858998579,-0.9497485899857949,0.9497485899857949
2017-11-06 14:00:00,38.505,35.775773615332426,2.7292263846675766,2.7292263846675766
2017-11-06 15:00:00,36.881,38.69010504181353,-1.809105041813531,1.809105041813531
2017-11-06 16:00:00,39.353,37.704163418224276,1.6488365817757256,1.6488365817757256
2017-11-06 17:00:00,38.922,45.02563578709923,-6.103635787099236,6.103635787099236
2017-11-06 18:00:00,53.32899999999999,45.934622426261974,7.394377573738019,7.394377573738019
2017-11-06 19:00:00,52.952,51.86666544349416,1.0853345565058348,1.0853345565058348
2017-11-06 20:00:00,40.886,47.67750943032948,-6.7915094303294765,6.7915094303294765
2017-11-06 21:00:00,31.731,34.987311093550076,-3.2563110935500745,3.2563110935500745
2017-11-06 22:00:00,29.676,31.270151770108892,-1.594151770108894,1.594151770108894
2017-11-06 23:00:00,27.248,30.265947014883665,-3.0179470148836636,3.0179470148836636
2017-11-07 00:00:00,28.46,26.60574345889509,1.8542565411049097,1.8542565411049097
2017-11-07 01:00:00,31.852,28.54110171109668,3.3108982889033207,3.3108982889033207
2017-11-07 02:00:00,43.481,36.26434104413008,7.216658955869924,7.216658955869924
2017-11-07 03:00:00,36.215,45.13907495611544,-8.924074956115433,8.924074956115433
2017-11-07 04:00:00,36.196,39.60964062595913,-3.4136406259591325,3.4136406259591325
2017-11-07 05:00:00,35.29400000000001,45.11141733459831,-9.817417334598296,9.817417334598296
2017-11-07 06:00:00,45.527,45.94482692057562,-0.4178269205756209,0.4178269205756209
2017-11-07 07:00:00,37.097,45.47273107631846,-8.37573107631846,8.37573107631846
2017-11-07 08:00:00,32.566,34.03848669939799,-1.4724866993979902,1.4724866993979902
2017-11-07 09:00:00,24.468000000000004,31.340134759375125,-6.872134759375122,6.872134759375122
2017-11-07 10:00:00,23.647,28.660472391549586,-5.013472391549588,5.013472391549588
2017-11-07 11:00:00,22.98,28.244028116927097,-5.264028116927097,5.264028116927097
2017-11-07 12:00:00,22.721,25.828329036708187,-3.1073290367081867,3.1073290367081867
2017-11-07 13:00:00,23.053,25.48753086401349,-2.434530864013489,2.434530864013489
2017-11-07 14:00:00,22.747,26.997452244314907,-4.250452244314907,4.250452244314907
2017-11-07 15:00:00,23.546,27.456930612844843,-3.910930612844844,3.910930612844844
2017-11-07 16:00:00,25.909,29.777572602966988,-3.8685726029669887,3.8685726029669887
2017-11-07 17:00:00,36.668,35.54620865937948,1.1217913406205184,1.1217913406205184
2017-11-07 18:00:00,38.766,45.195024476347726,-6.429024476347728,6.429024476347728
2017-11-07 19:00:00,32.571,43.49949273990455,-10.928492739904549,10.928492739904549
2017-11-07 20:00:00,22.847,32.30897592236965,-9.461975922369646,9.461975922369646
2017-11-07 21:00:00,18.093,25.60089211106584,-7.507892111065839,7.507892111065839
2017-11-07 22:00:00,18.102,22.622976429298447,-4.520976429298447,4.520976429298447
2017-11-07 23:00:00,16.875999999999998,21.172318380096122,-4.296318380096125,4.296318380096125
2017-11-08 00:00:00,16.984,19.96875182401174,-2.984751824011738,2.984751824011738
2017-11-08 01:00:00,24.163,22.556850314604144,1.606149685395856,1.606149685395856
2017-11-08 02:00:00,46.351000000000006,30.61086592163675,15.740134078363255,15.740134078363255
2017-11-08 03:00:00,45.493,44.619214278339015,0.8737857216609868,0.8737857216609868
2017-11-08 04:00:00,49.795,41.25598661721055,8.539013382789449,8.539013382789449
2017-11-08 05:00:00,61.602,52.44204423736154,9.159955762638454,9.159955762638454
2017-11-08 06:00:00,60.44600000000001,65.07996842613629,-4.633968426136278,4.633968426136278
2017-11-08 07:00:00,50.631,55.709912586107535,-5.078912586107535,5.078912586107535
2017-11-08 08:00:00,47.286,44.236450799650825,3.049549200349176,3.049549200349176
2017-11-08 09:00:00,44.595,38.87480427655135,5.720195723448647,5.720195723448647
2017-11-08 10:00:00,43.944,37.72299038619131,6.22100961380869,6.22100961380869
2017-11-08 11:00:00,42.805,38.35197045222398,4.453029547776019,4.453029547776019
2017-11-08 12:00:00,42.87600000000001,39.09648918565038,3.779510814349635,3.779510814349635
2017-11-08 13:00:00,42.552,39.893445953768605,2.6585540462313944,2.6585540462313944
2017-11-08 14:00:00,41.848,40.32770103941466,1.520298960585336,1.520298960585336
2017-11-08 15:00:00,42.789,41.105961358161295,1.6830386418387064,1.6830386418387064
2017-11-08 16:00:00,44.081,42.75588727992339,1.3251127200766106,1.3251127200766106
2017-11-08 17:00:00,48.962,45.98424711930585,2.9777528806941547,2.9777528806941547
2017-11-08 18:00:00,60.257,47.82733424882897,12.42966575117103,12.42966575117103
2017-11-08 19:00:00,61.03,55.7774171220916,5.252582877908402,5.252582877908402
2017-11-08 20:00:00,50.118,51.34092554852419,-1.2229255485241879,1.2229255485241879
2017-11-08 21:00:00,39.514,45.40922516033408,-5.895225160334078,5.895225160334078
2017-11-08 22:00:00,38.946,35.068411259479845,3.877588740520153,3.877588740520153
2017-11-08 23:00:00,38.652,36.999573256036655,1.6524267439633462,1.6524267439633462
2017-11-09 00:00:00,37.688,38.20948266010325,-0.5214826601032456,0.5214826601032456
2017-11-09 01:00:00,38.168,38.50581794464732,-0.33781794464731973,0.33781794464731973
2017-11-09 02:00:00,38.141,41.90158631453234,-3.7605863145323397,3.7605863145323397
2017-11-09 03:00:00,38.514,41.19669994593979,-2.682699945939788,2.682699945939788
2017-11-09 04:00:00,43.091,41.27499754778193,1.816002452218072,1.816002452218072
2017-11-09 05:00:00,48.676,48.38883277400872,0.28716722599128275,0.28716722599128275
2017-11-09 06:00:00,57.83600000000001,53.040904503214946,4.795095496785066,4.795095496785066
2017-11-09 07:00:00,54.959,55.593843377522525,-0.6348433775225217,0.6348433775225217
2017-11-09 08:00:00,48.197,47.56836078175494,0.6286392182450626,0.6286392182450626
2017-11-09 09:00:00,43.86600000000001,43.29281795668601,0.5731820433139987,0.5731820433139987
2017-11-09 10:00:00,43.872,42.63664788510444,1.2353521148955622,1.2353521148955622
2017-11-09 11:00:00,43.76,42.921611132119196,0.838388867880802,0.838388867880802
2017-11-09 12:00:00,45.269,43.30316973638306,1.9658302636169367,1.9658302636169367
2017-11-09 13:00:00,44.293,43.42544302267497,0.8675569773250302,0.8675569773250302
2017-11-09 14:00:00,44.613,43.23581384199472,1.37718615800528,1.37718615800528
2017-11-09 15:00:00,46.092,43.84197671683801,2.250023283161987,2.250023283161987
2017-11-09 16:00:00,48.12300000000001,46.03780180975642,2.085198190243595,2.085198190243595
2017-11-09 17:00:00,56.231,53.18729181560114,3.0437081843988594,3.0437081843988594
2017-11-09 18:00:00,60.552,58.93391369770261,1.6180863022973924,1.6180863022973924
2017-11-09 19:00:00,59.276,59.097946475635176,0.17805352436482735,0.17805352436482735
2017-11-09 20:00:00,45.584,48.63298489301104,-3.0489848930110384,3.0489848930110384
2017-11-09 21:00:00,41.539,40.36346003866888,1.1755399613311184,1.1755399613311184
2017-11-09 22:00:00,40.944,39.823518387787125,1.1204816122128776,1.1204816122128776
2017-11-09 23:00:00,40.784,41.0089708481449,-0.2249708481448991,0.2249708481448991
2017-11-10 00:00:00,40.019,40.5692359889147,-0.5502359889147002,0.5502359889147002
2017-11-10 01:00:00,40.078,40.53848888027718,-0.4604888802771754,0.4604888802771754
2017-11-10 02:00:00,43.022,41.77677701343047,1.2452229865695301,1.2452229865695301
2017-11-10 03:00:00,42.863,42.87136640577728,-0.008366405777280761,0.008366405777280761
2017-11-10 04:00:00,49.011,43.837544630339266,5.173455369660736,5.173455369660736
2017-11-10 05:00:00,58.368,53.50042525916389,4.867574740836112,4.867574740836112
2017-11-10 06:00:00,56.782,59.69277294127068,-2.910772941270686,2.910772941270686
2017-11-10 07:00:00,45.365,55.11569960198222,-9.75069960198222,9.75069960198222
2017-11-10 08:00:00,43.485,42.070905685386684,1.4140943146133154,1.4140943146133154
2017-11-10 09:00:00,41.425,41.77473221916224,-0.3497322191622416,0.3497322191622416
2017-11-10 10:00:00,40.658,41.49966514309828,-0.8416651430982753,0.8416651430982753
2017-11-10 11:00:00,42.524,41.5940255636221,0.9299744363779041,0.9299744363779041
2017-11-10 12:00:00,42.91,42.7069605984573,0.2030394015426964,0.2030394015426964
2017-11-10 13:00:00,42.78,43.469058561159756,-0.6890585611597544,0.6890585611597544
2017-11-10 14:00:00,43.713,43.67356987483,0.03943012517,0.03943012517
2017-11-10 15:00:00,44.956,44.15378279386203,0.8022172061379749,0.8022172061379749
2017-11-10 16:00:00,46.556,45.572539607470645,0.9834603925293521,0.9834603925293521
2017-11-10 17:00:00,50.574,53.46675706035134,-2.892757060351343,2.892757060351343
2017-11-10 18:00:00,60.223,52.71957192514314,7.503428074856856,7.503428074856856
2017-11-10 19:00:00,60.507,60.168973106292206,0.3380268937077915,0.3380268937077915
2017-11-10 20:00:00,51.383,52.96596700333114,-1.5829670033311345,1.5829670033311345
2017-11-10 21:00:00,41.87600000000001,41.18219244569146,0.6938075543085489,0.6938075543085489
2017-11-10 22:00:00,41.482,40.717041681180625,0.7649583188193745,0.7649583188193745
2017-11-10 23:00:00,41.27,41.748874930219316,-0.4788749302193125,0.4788749302193125
2017-11-11 00:00:00,39.339,40.89150359071307,-1.5525035907130729,1.5525035907130729
2017-11-11 01:00:00,40.757,39.16415937704059,1.5928406229594074,1.5928406229594074
2017-11-11 02:00:00,41.002,42.49730302267748,-1.4953030226774757,1.4953030226774757
2017-11-11 03:00:00,40.572,41.810733549170436,-1.2387335491704334,1.2387335491704334
2017-11-11 04:00:00,44.677,44.46999646363541,0.20700353636458857,0.20700353636458857
2017-11-11 05:00:00,47.933,51.675106148150974,-3.742106148150974,3.742106148150974
2017-11-11 06:00:00,53.69600000000001,54.58024924002231,-0.8842492400222994,0.8842492400222994
2017-11-11 07:00:00,55.683,53.548959559821554,2.1340404401784454,2.1340404401784454
2017-11-11 08:00:00,52.317,48.942114978357495,3.3748850216425055,3.3748850216425055
2017-11-11 09:00:00,43.694,47.542974765292044,-3.8489747652920414,3.8489747652920414
2017-11-11 10:00:00,40.51300000000001,42.586890936518486,-2.073890936518474,2.073890936518474
2017-11-11 11:00:00,40.692,40.40695755032416,0.28504244967584214,0.28504244967584214
2017-11-11 12:00:00,41.791,41.10166950651775,0.6893304934822453,0.6893304934822453
2017-11-11 13:00:00,44.255,41.8787589046373,2.376241095362701,2.376241095362701
2017-11-11 14:00:00,44.395,43.80418293153824,0.5908170684617602,0.5908170684617602
2017-11-11 15:00:00,45.054,44.69762915729433,0.35637084270567243,0.35637084270567243
2017-11-11 16:00:00,46.206,46.3802614965812,-0.17426149658119527,0.17426149658119527
2017-11-11 17:00:00,55.81399999999999,51.657572031123365,4.156427968876628,4.156427968876628
2017-11-11 18:00:00,57.863,58.03288577888865,-0.16988577888864853,0.16988577888864853
2017-11-11 19:00:00,59.453,56.754365269577185,2.6986347304228175,2.6986347304228175
2017-11-11 20:00:00,47.787,49.955317182077444,-2.1683171820774447,2.1683171820774447
2017-11-11 21:00:00,41.09,41.70635722899171,-0.6163572289917099,0.6163572289917099
2017-11-11 22:00:00,39.734,40.03067109448716,-0.29667109448715934,0.29667109448715934
2017-11-11 23:00:00,38.313,39.48543736837711,-1.1724373683771105,1.1724373683771105
2017-11-12 00:00:00,38.61,38.61870732978383,-0.008707329783831597,0.008707329783831597
2017-11-12 01:00:00,38.591,38.97576127638871,-0.3847612763887085,0.3847612763887085
2017-11-12 02:00:00,38.72,39.61866787629811,-0.8986678762981128,0.8986678762981128
2017-11-12 03:00:00,38.559,39.602888657856425,-1.043888657856428,1.043888657856428
2017-11-12 04:00:00,42.106,41.674775686845976,0.43122431315402565,0.43122431315402565
2017-11-12 05:00:00,47.426,47.83860965783773,-0.4126096578377272,0.4126096578377272
2017-11-12 06:00:00,55.685,53.581179781759666,2.1038202182403367,2.1038202182403367
2017-11-12 07:00:00,57.53,57.158395286181424,0.3716047138185772,0.3716047138185772
2017-11-12 08:00:00,46.082,50.60167172992534,-4.519671729925342,4.519671729925342
2017-11-12 09:00:00,46.982,43.013330132895014,3.9686698671049854,3.9686698671049854
2017-11-12 10:00:00,42.07899999999999,44.19044397083456,-2.1114439708345643,2.1114439708345643
2017-11-12 11:00:00,42.01300000000001,41.07340261531293,0.9395973846870831,0.9395973846870831
2017-11-12 12:00:00,42.17,41.59677276043323,0.5732272395667692,0.5732272395667692
2017-11-12 13:00:00,40.08,43.1902208723186,-3.1102208723185996,3.1102208723185996
2017-11-12 14:00:00,35.81800000000001,42.056474630572175,-6.2384746305721634,6.2384746305721634
2017-11-12 15:00:00,38.502,37.47603294713758,1.0259670528624198,1.0259670528624198
2017-11-12 16:00:00,45.437,41.62169890697865,3.815301093021347,3.815301093021347
2017-11-12 17:00:00,48.556,52.89457887488343,-4.3385788748834315,4.3385788748834315
2017-11-12 18:00:00,60.113,54.320076435154725,5.792923564845275,5.792923564845275
2017-11-12 19:00:00,58.524,59.2161917024703,-0.6921917024702964,0.6921917024702964
2017-11-12 20:00:00,45.635,48.07469482420775,-2.4396948242077485,2.4396948242077485
2017-11-12 21:00:00,38.235,40.75902846043307,-2.5240284604330725,2.5240284604330725
2017-11-12 22:00:00,38.553,37.256177701534035,1.2968222984659619,1.2968222984659619
2017-11-12 23:00:00,38.733,38.783964814133384,-0.05096481413338694,0.05096481413338694
2017-11-13 00:00:00,38.996,38.6924112969158,0.30358870308420194,0.30358870308420194
2017-11-13 01:00:00,38.856,38.767153926337954,0.08884607366204733,0.08884607366204733
2017-11-13 02:00:00,38.766,40.21226180749736,-1.4462618074973648,1.4462618074973648
2017-11-13 03:00:00,39.874,39.7007626348915,0.17323736510850551,0.17323736510850551
2017-11-13 04:00:00,41.559,42.60664652184393,-1.0476465218439301,1.0476465218439301
2017-11-13 05:00:00,47.119,47.197163414870836,-0.07816341487083633,0.07816341487083633
2017-11-13 06:00:00,51.12300000000001,54.00421300326542,-2.881213003265408,2.881213003265408
2017-11-13 07:00:00,54.451,51.5129200700416,2.9380799299583984,2.9380799299583984
2017-11-13 08:00:00,47.24100000000001,46.65983266178363,0.5811673382163747,0.5811673382163747
2017-11-13 09:00:00,43.305,42.530334431700474,0.7746655682995254,0.7746655682995254
2017-11-13 10:00:00,40.779,41.52183510038469,-0.7428351003846885,0.7428351003846885
2017-11-13 11:00:00,41.82,39.98368574687886,1.836314253121138,1.836314253121138
2017-11-13 12:00:00,43.767,41.60797437769901,2.1590256223009945,2.1590256223009945
2017-11-13 13:00:00,43.045,42.66901299084493,0.3759870091550752,0.3759870091550752
2017-11-13 14:00:00,43.167,40.78605191799201,2.38094808200799,2.38094808200799
2017-11-13 15:00:00,43.926,43.099280592723304,0.8267194072766983,0.8267194072766983
2017-11-13 16:00:00,50.87,45.85974302947502,5.010256970524978,5.010256970524978
2017-11-13 17:00:00,57.45,54.5639134722507,2.886086527749306,2.886086527749306
2017-11-13 18:00:00,59.206,59.62634325424131,-0.4203432542413097,0.4203432542413097
2017-11-13 19:00:00,52.294,57.381281961202546,-5.0872819612025495,5.0872819612025495
2017-11-13 20:00:00,43.045,45.40720160613193,-2.3622016061319258,2.3622016061319258
2017-11-13 21:00:00,37.515,39.18332155248398,-1.668321552483981,1.668321552483981
2017-11-13 22:00:00,36.296,35.90861877945248,0.38738122054751756,0.38738122054751756
2017-11-13 23:00:00,35.092,36.957633102699496,-1.8656331026994977,1.8656331026994977
2017-11-14 00:00:00,34.852,35.23975198784698,-0.3877519878469826,0.3877519878469826
2017-11-14 01:00:00,40.36,35.986474156135934,4.373525843864066,4.373525843864066
2017-11-14 02:00:00,42.885,41.94985597631646,0.9351440236835415,0.9351440236835415
2017-11-14 03:00:00,42.279,42.893722407242066,-0.6147224072420627,0.6147224072420627
2017-11-14 04:00:00,48.312,41.7792095258045,6.532790474195501,6.532790474195501
2017-11-14 05:00:00,59.265,53.25163857063834,6.013361429361659,6.013361429361659
2017-11-14 06:00:00,57.965,58.40447935895076,-0.43947935895075574,0.43947935895075574
2017-11-14 07:00:00,46.76600000000001,54.99173258097309,-8.22573258097308,8.22573258097308
2017-11-14 08:00:00,43.437,42.08240680412827,1.354593195871729,1.354593195871729
2017-11-14 09:00:00,44.015,42.22630354002014,1.7886964599798603,1.7886964599798603
2017-11-14 10:00:00,44.548,42.75159946664307,1.7964005333569304,1.7964005333569304
2017-11-14 11:00:00,46.62600000000001,42.971681635267785,3.6543183647322266,3.6543183647322266
2017-11-14 12:00:00,45.335,44.67213042077704,0.6628695792229635,0.6628695792229635
2017-11-14 13:00:00,44.597,43.71192085706445,0.8850791429355525,0.8850791429355525
2017-11-14 14:00:00,44.875,43.312932653226284,1.5620673467737163,1.5620673467737163
2017-11-14 15:00:00,44.994,44.379683258739284,0.6143167412607156,0.6143167412607156
2017-11-14 16:00:00,44.349,46.61723552569349,-2.268235525693491,2.268235525693491
2017-11-14 17:00:00,47.132,49.65578446391576,-2.52378446391576,2.52378446391576
2017-11-14 18:00:00,57.865,51.53282865894284,6.332171341057162,6.332171341057162
2017-11-14 19:00:00,56.801,54.996968966914025,1.8040310330859768,1.8040310330859768
2017-11-14 20:00:00,44.867,48.10692044257836,-3.2399204425783594,3.2399204425783594
2017-11-14 21:00:00,38.761,40.15810723368554,-1.3971072336855386,1.3971072336855386
2017-11-14 22:00:00,37.333,35.081376822641005,2.2516231773589936,2.2516231773589936
2017-11-14 23:00:00,37.214,36.752845708795164,0.461154291204835,0.461154291204835
2017-11-15 00:00:00,37.226,36.752834304010776,0.4731656959892234,0.4731656959892234
2017-11-15 01:00:00,40.337,38.05036948878648,2.2866305112135237,2.2866305112135237
2017-11-15 02:00:00,42.58600000000001,43.291618247594705,-0.7056182475946926,0.7056182475946926
2017-11-15 03:00:00,42.291,42.69419301278983,-0.4031930127898349,0.4031930127898349
2017-11-15 04:00:00,46.934,45.146724950838404,1.7872750491615932,1.7872750491615932
2017-11-15 05:00:00,56.39,54.15016994459746,2.2398300554025425,2.2398300554025425
2017-11-15 06:00:00,58.652,60.347379116448714,-1.6953791164487129,1.6953791164487129
2017-11-15 07:00:00,49.855,56.0825535363161,-6.227553536316101,6.227553536316101
2017-11-15 08:00:00,44.71100000000001,45.25103869337992,-0.5400386933799055,0.5400386933799055
2017-11-15 09:00:00,43.591,43.122356581678126,0.46864341832187506,0.46864341832187506
2017-11-15 10:00:00,44.27,43.4736767411776,0.7963232588224045,0.7963232588224045
2017-11-15 11:00:00,43.488,44.65812796836367,-1.1701279683636727,1.1701279683636727
2017-11-15 12:00:00,44.12600000000001,43.93125019989247,0.1947498001075445,0.1947498001075445
2017-11-15 13:00:00,43.047,43.76029293112222,-0.7132929311222256,0.7132929311222256
2017-11-15 14:00:00,43.264,44.09598810630351,-0.8319881063035055,0.8319881063035055
2017-11-15 15:00:00,44.633,45.164237790846514,-0.5312377908465109,0.5312377908465109
2017-11-15 16:00:00,50.628,45.89327763862237,4.734722361377628,4.734722361377628
2017-11-15 17:00:00,56.29600000000001,55.17655491965229,1.1194450803477167,1.1194450803477167
2017-11-15 18:00:00,59.846,59.85657392710954,-0.010573927109540193,0.010573927109540193
2017-11-15 19:00:00,57.0,59.25101175687285,-2.251011756872849,2.251011756872849
2017-11-15 20:00:00,43.784,49.40054091402581,-5.616540914025812,5.616540914025812
2017-11-15 21:00:00,38.3,40.06864552085671,-1.7686455208567153,1.7686455208567153
2017-11-15 22:00:00,33.717,36.55238167715319,-2.835381677153194,2.835381677153194
2017-11-15 23:00:00,32.122,33.450668266776894,-1.3286682667768943,1.3286682667768943
2017-11-16 00:00:00,30.619,33.60249849165231,-2.9834984916523126,2.9834984916523126
2017-11-16 01:00:00,36.014,33.984460683014035,2.029539316985968,2.029539316985968
2017-11-16 02:00:00,44.038,39.531685636948346,4.506314363051651,4.506314363051651
2017-11-16 03:00:00,44.181,43.45123477101898,0.7297652289810159,0.7297652289810159
2017-11-16 04:00:00,51.854,45.679585153039355,6.174414846960644,6.174414846960644
2017-11-16 05:00:00,58.505,57.17090124782778,1.334098752172224,1.334098752172224
2017-11-16 06:00:00,57.222,59.97061570807857,-2.7486157080785674,2.7486157080785674
2017-11-16 07:00:00,42.547,53.88863696628981,-11.341636966289812,11.341636966289812
2017-11-16 08:00:00,43.245,39.21333780148471,4.031662198515285,4.031662198515285
2017-11-16 09:00:00,41.611,42.61586247264346,-1.0048624726434596,1.0048624726434596
2017-11-16 10:00:00,40.682,42.4634673720585,-1.7814673720585006,1.7814673720585006
2017-11-16 11:00:00,40.699,42.28124322220077,-1.5822432222007734,1.5822432222007734
2017-11-16 12:00:00,39.859,42.93398298495903,-3.0749829849590284,3.0749829849590284
2017-11-16 13:00:00,40.243,42.38770883154955,-2.1447088315495506,2.1447088315495506
2017-11-16 14:00:00,41.165,42.718452464026086,-1.553452464026087,1.553452464026087
2017-11-16 15:00:00,43.74100000000001,43.575372145557026,0.165627854442981,0.165627854442981
2017-11-16 16:00:00,44.339,47.649319161775125,-3.3103191617751264,3.3103191617751264
2017-11-16 17:00:00,52.395,51.556116430764426,0.8388835692355769,0.8388835692355769
2017-11-16 18:00:00,58.743,56.82088328996864,1.9221167100313608,1.9221167100313608
2017-11-16 19:00:00,58.608,59.0027838297554,-0.39478382975540427,0.39478382975540427
2017-11-16 20:00:00,46.305,49.18182432992633,-2.876824329926329,2.876824329926329
2017-11-16 21:00:00,40.173,39.967172863759394,0.20582713624060744,0.20582713624060744
2017-11-16 22:00:00,40.054,36.058110331993866,3.9958896680061358,3.9958896680061358
2017-11-16 23:00:00,40.13800000000001,38.09070483119639,2.047295168803622,2.047295168803622
2017-11-17 00:00:00,39.021,38.474150320164405,0.5468496798355957,0.5468496798355957
2017-11-17 01:00:00,41.642,37.767439990270624,3.874560009729379,3.874560009729379
2017-11-17 02:00:00,44.262,44.95998527835838,-0.6979852783583809,0.6979852783583809
2017-11-17 03:00:00,43.339,44.67006499129879,-1.3310649912987884,1.3310649912987884
2017-11-17 04:00:00,46.62600000000001,46.84940078473169,-0.22340078473168035,0.22340078473168035
2017-11-17 05:00:00,55.56399999999999,53.076002076495705,2.487997923504288,2.487997923504288
2017-11-17 06:00:00,57.42100000000001,59.957809238376534,-2.5368092383765273,2.5368092383765273
2017-11-17 07:00:00,50.317,55.8416492826621,-5.5246492826620965,5.5246492826620965
2017-11-17 08:00:00,45.459,45.01179901291866,0.44720098708134515,0.44720098708134515
2017-11-17 09:00:00,41.78,42.036549810821946,-0.2565498108219444,0.2565498108219444
2017-11-17 10:00:00,42.518,40.72220076853488,1.7957992314651179,1.7957992314651179
2017-11-17 11:00:00,42.729,41.82751214933716,0.9014878506628392,0.9014878506628392
2017-11-17 12:00:00,43.665,42.10834715958482,1.5566528404151825,1.5566528404151825
2017-11-17 13:00:00,43.22,42.970368144278915,0.24963185572108415,0.24963185572108415
2017-11-17 14:00:00,44.629,43.283733469539996,1.3452665304600018,1.3452665304600018
2017-11-17 15:00:00,45.34,44.53819039870379,0.8018096012962133,0.8018096012962133
2017-11-17 16:00:00,46.622,46.355610389600926,0.2663896103990737,0.2663896103990737
2017-11-17 17:00:00,57.86600000000001,52.747079075569495,5.118920924430512,5.118920924430512
2017-11-17 18:00:00,59.758,59.8824511197742,-0.12445111977419998,0.12445111977419998
2017-11-17 19:00:00,55.528,57.98875789130294,-2.46075789130294,2.46075789130294
2017-11-17 20:00:00,42.06100000000001,47.63916016122618,-5.578160161226172,5.578160161226172
2017-11-17 21:00:00,40.243,39.12282562630994,1.1201743736900625,1.1201743736900625
2017-11-17 22:00:00,38.313,39.54038715550151,-1.2273871555015106,1.2273871555015106
2017-11-17 23:00:00,38.244,38.76444349920727,-0.5204434992072677,0.5204434992072677
2017-11-18 00:00:00,37.668,38.52337507388463,-0.8553750738846304,0.8553750738846304
2017-11-18 01:00:00,37.383,39.528700693085504,-2.1457006930855016,2.1457006930855016
2017-11-18 02:00:00,37.06800000000001,41.554741015643394,-4.486741015643382,4.486741015643382
2017-11-18 03:00:00,39.084,40.09597617908275,-1.011976179082744,1.011976179082744
2017-11-18 04:00:00,40.676,43.57985978275438,-2.903859782754381,2.903859782754381
2017-11-18 05:00:00,54.011,48.86893047668623,5.142069523313772,5.142069523313772
2017-11-18 06:00:00,55.871,58.22599555094976,-2.3549955509497593,2.3549955509497593
2017-11-18 07:00:00,52.43,55.807147473935814,-3.377147473935814,3.377147473935814
2017-11-18 08:00:00,42.166,46.60315591491497,-4.437155914914975,4.437155914914975
2017-11-18 09:00:00,40.265,40.966814834418415,-0.7018148344184141,0.7018148344184141
2017-11-18 10:00:00,42.374,40.865482958084826,1.5085170419151765,1.5085170419151765
2017-11-18 11:00:00,38.51300000000001,42.2337338964051,-3.7207338964050862,3.7207338964050862
2017-11-18 12:00:00,38.55,39.73717295563021,-1.18717295563021,1.18717295563021
2017-11-18 13:00:00,39.969,40.4300678275159,-0.4610678275158975,0.4610678275158975
2017-11-18 14:00:00,39.514,42.94151769202164,-3.427517692021638,3.427517692021638
2017-11-18 15:00:00,40.227,42.720943540989296,-2.4939435409892994,2.4939435409892994
2017-11-18 16:00:00,42.75100000000001,44.998839124913864,-2.2478391249138525,2.2478391249138525
2017-11-18 17:00:00,52.078,49.521951781997274,2.5560482180027293,2.5560482180027293
2017-11-18 18:00:00,55.602,56.72281446490246,-1.120814464902466,1.120814464902466
2017-11-18 19:00:00,48.575,56.5171341763389,-7.942134176338897,7.942134176338897
2017-11-18 20:00:00,42.589,40.88437797765388,1.704622022346122,1.704622022346122
2017-11-18 21:00:00,37.59,39.16567260295336,-1.5756726029533539,1.5756726029533539
2017-11-18 22:00:00,35.731,36.92477526119518,-1.193775261195178,1.193775261195178
2017-11-18 23:00:00,35.013000000000005,35.76089781618635,-0.7478978161863452,0.7478978161863452
2017-11-19 00:00:00,35.969,35.34880012341579,0.6201998765842092,0.6201998765842092
2017-11-19 01:00:00,35.684,36.75962516769864,-1.0756251676986395,1.0756251676986395
2017-11-19 02:00:00,36.143,36.69556491180162,-0.5525649118016176,0.5525649118016176
2017-11-19 03:00:00,37.715,37.23488982098332,0.48011017901668396,0.48011017901668396
2017-11-19 04:00:00,41.113,40.54901677945273,0.5639832205472715,0.5639832205472715
2017-11-19 05:00:00,45.78100000000001,48.982554436173565,-3.201554436173552,3.201554436173552
2017-11-19 06:00:00,55.297,52.79692872910155,2.500071270898445,2.500071270898445
2017-11-19 07:00:00,53.353,54.704771977969884,-1.3517719779698822,1.3517719779698822
2017-11-19 08:00:00,46.207,46.308967159952864,-0.10196715995286354,0.10196715995286354
2017-11-19 09:00:00,43.367,41.14188692988968,2.225113070110318,2.225113070110318
2017-11-19 10:00:00,40.501,41.43363539462062,-0.9326353946206254,0.9326353946206254
2017-11-19 11:00:00,38.588,39.22214560838631,-0.6341456083863122,0.6341456083863122
2017-11-19 12:00:00,38.559,38.63643594957665,-0.07743594957665323,0.07743594957665323
2017-11-19 13:00:00,38.806,38.69856965298188,0.10743034701811638,0.10743034701811638
2017-11-19 14:00:00,38.972,38.65716388444983,0.31483611555017177,0.31483611555017177
2017-11-19 15:00:00,38.974,38.816288112842486,0.15771188715751094,0.15771188715751094
2017-11-19 16:00:00,48.121,40.95055272959875,7.1704472704012545,7.1704472704012545
2017-11-19 17:00:00,54.733,53.524359100755255,1.2086408992447417,1.2086408992447417
2017-11-19 18:00:00,57.297,58.15818602697124,-0.8611860269712395,0.8611860269712395
2017-11-19 19:00:00,50.894,54.432823640902505,-3.538823640902507,3.538823640902507
2017-11-19 20:00:00,42.226000000000006,42.2351183471162,-0.009118347116192638,0.009118347116192638
2017-11-19 21:00:00,42.271,37.99110817356662,4.279891826433378,4.279891826433378
2017-11-19 22:00:00,39.721,38.204506476220644,1.5164935237793529,1.5164935237793529
2017-11-19 23:00:00,41.393,36.55244113768069,4.8405588623193125,4.8405588623193125
2017-11-20 00:00:00,40.775,41.15462739410514,-0.37962739410514246,0.37962739410514246
2017-11-20 01:00:00,42.47,39.524644968053764,2.945355031946235,2.945355031946235
2017-11-20 02:00:00,44.0,42.26573824562907,1.7342617543709267,1.7342617543709267
2017-11-20 03:00:00,42.432,43.18473788116892,-0.7527378811689189,0.7527378811689189
2017-11-20 04:00:00,51.017,41.555772856284285,9.461227143715718,9.461227143715718
2017-11-20 05:00:00,57.15600000000001,52.551205151319515,4.604794848680498,4.604794848680498
2017-11-20 06:00:00,56.08,60.66632976436415,-4.586329764364152,4.586329764364152
2017-11-20 07:00:00,43.987,56.570370314966894,-12.583370314966892,12.583370314966892
2017-11-20 08:00:00,48.227,41.92850965278745,6.2984903472125495,6.2984903472125495
2017-11-20 09:00:00,41.007,45.918617060205094,-4.911617060205096,4.911617060205096
2017-11-20 10:00:00,38.89,40.06449437736032,-1.1744943773603183,1.1744943773603183
2017-11-20 11:00:00,39.932,38.929336935550296,1.002663064449706,1.002663064449706
2017-11-20 12:00:00,39.882,40.6239516666073,-0.7419516666072994,0.7419516666072994
2017-11-20 13:00:00,40.148,40.68562761479988,-0.5376276147998738,0.5376276147998738
2017-11-20 14:00:00,40.863,40.866508481217714,-0.003508481217714632,0.003508481217714632
2017-11-20 15:00:00,43.6,41.230916362998286,2.369083637001715,2.369083637001715
2017-11-20 16:00:00,42.938,47.218179915890914,-4.280179915890912,4.280179915890912
2017-11-20 17:00:00,52.606,51.31411386147287,1.2918861385271327,1.2918861385271327
2017-11-20 18:00:00,59.963,58.24794508797024,1.715054912029764,1.715054912029764
2017-11-20 19:00:00,53.702,57.52747527680449,-3.8254752768044895,3.8254752768044895
2017-11-20 20:00:00,42.038,46.65204243644342,-4.614042436443427,4.614042436443427
2017-11-20 21:00:00,36.241,39.607756431908626,-3.3667564319086267,3.3667564319086267
2017-11-20 22:00:00,30.613000000000003,35.62369554897662,-5.010695548976617,5.010695548976617
2017-11-20 23:00:00,30.487,33.121399093969366,-2.6343990939693676,2.6343990939693676
2017-11-21 00:00:00,30.992,33.428250273539355,-2.436250273539354,2.436250273539354
2017-11-21 01:00:00,35.241,34.90576947913285,0.33523052086714955,0.33523052086714955
2017-11-21 02:00:00,40.868,41.30607956566463,-0.4380795656646299,0.4380795656646299
2017-11-21 03:00:00,41.926,42.90444168329053,-0.9784416832905265,0.9784416832905265
2017-11-21 04:00:00,42.993,46.589749969640295,-3.5967499696402925,3.5967499696402925
2017-11-21 05:00:00,55.631,51.37202097768125,4.258979022318748,4.258979022318748
2017-11-21 06:00:00,54.53,60.14571148335641,-5.615711483356407,5.615711483356407
2017-11-21 07:00:00,46.742,52.25084973396864,-5.5088497339686455,5.5088497339686455
2017-11-21 08:00:00,43.97,42.583352721723735,1.3866472782762642,1.3866472782762642
2017-11-21 09:00:00,41.856,41.104429433346134,0.7515705666538679,0.7515705666538679
2017-11-21 10:00:00,41.767,39.64455336748871,2.1224466325112914,2.1224466325112914
2017-11-21 11:00:00,42.42,41.17858646811678,1.2414135318832251,1.2414135318832251
2017-11-21 12:00:00,42.63800000000001,41.400257910909815,1.2377420890901973,1.2377420890901973
2017-11-21 13:00:00,41.483,41.26265828234391,0.22034171765609045,0.22034171765609045
2017-11-21 14:00:00,41.353,42.0502328748832,-0.6972328748831984,0.6972328748831984
2017-11-21 15:00:00,42.239,43.814175669152405,-1.575175669152408,1.575175669152408
2017-11-21 16:00:00,43.51,44.45117191529319,-0.9411719152931894,0.9411719152931894
2017-11-21 17:00:00,52.713,49.95127778300894,2.7617222169910605,2.7617222169910605
2017-11-21 18:00:00,56.893,56.82987662602239,0.0631233739776107,0.0631233739776107
2017-11-21 19:00:00,56.496,56.83589942753149,-0.33989942753148483,0.33989942753148483
2017-11-21 20:00:00,45.245,49.70860804729699,-4.463608047296994,4.463608047296994
2017-11-21 21:00:00,37.66,40.05117582944021,-2.391175829440215,2.391175829440215
2017-11-21 22:00:00,35.93,34.23606443343248,1.693935566567518,1.693935566567518
2017-11-21 23:00:00,35.113,33.38298217375442,1.7300178262455788,1.7300178262455788
2017-11-22 00:00:00,33.52,33.58041706070865,-0.0604170607086445,0.0604170607086445
2017-11-22 01:00:00,41.206,34.193372504152215,7.012627495847788,7.012627495847788
2017-11-22 02:00:00,46.222,42.80647440711808,3.41552559288192,3.41552559288192
2017-11-22 03:00:00,45.223,44.98130276429691,0.24169723570308577,0.24169723570308577
2017-11-22 04:00:00,52.424,44.44953500050629,7.974464999493712,7.974464999493712
2017-11-22 05:00:00,60.864,58.52556781217685,2.3384321878231447,2.3384321878231447
2017-11-22 06:00:00,59.249,62.67735025106036,-3.4283502510603583,3.4283502510603583
2017-11-22 07:00:00,47.192,55.123425518336596,-7.931425518336596,7.931425518336596
2017-11-22 08:00:00,43.459,43.600380180590385,-0.1413801805903816,0.1413801805903816
2017-11-22 09:00:00,44.078,41.76960791425591,2.308392085744096,2.308392085744096
2017-11-22 10:00:00,44.096,42.88117838459685,1.214821615403146,1.214821615403146
2017-11-22 11:00:00,43.669,43.023989247959705,0.6450107520402923,0.6450107520402923
2017-11-22 12:00:00,46.011,43.37302872583903,2.637971274160975,2.637971274160975
2017-11-22 13:00:00,43.331,44.52073784144033,-1.1897378414403263,1.1897378414403263
2017-11-22 14:00:00,43.69600000000001,42.91515012158864,0.7808498784113738,0.7808498784113738
2017-11-22 15:00:00,45.256,43.668698910836945,1.5873010891630557,1.5873010891630557
2017-11-22 16:00:00,47.028,45.91834819071433,1.1096518092856655,1.1096518092856655
2017-11-22 17:00:00,50.32899999999999,53.07589369037847,-2.746893690378478,2.746893690378478
2017-11-22 18:00:00,60.679,54.76961868359575,5.90938131640425,5.90938131640425
2017-11-22 19:00:00,58.819,60.94820714850334,-2.1292071485033404,2.1292071485033404
2017-11-22 20:00:00,48.368,49.00246135094915,-0.6344613509491452,0.6344613509491452
2017-11-22 21:00:00,40.804,42.989848630281394,-2.1858486302813915,2.1858486302813915
2017-11-22 22:00:00,39.549,36.57698254029034,2.9720174597096616,2.9720174597096616
2017-11-22 23:00:00,38.966,37.549853901462434,1.416146098537567,1.416146098537567
2017-11-23 00:00:00,38.325,36.862275191458835,1.462724808541168,1.462724808541168
2017-11-23 01:00:00,40.647,39.29266465064666,1.3543353493533417,1.3543353493533417
2017-11-23 02:00:00,45.909,45.682441631809404,0.22655836819059516,0.22655836819059516
2017-11-23 03:00:00,45.197,45.680739863354695,-0.48373986335469255,0.48373986335469255
2017-11-23 04:00:00,49.393,48.05078685840691,1.342213141593092,1.342213141593092
2017-11-23 05:00:00,59.69600000000001,54.7088107171559,4.987189282844113,4.987189282844113
2017-11-23 06:00:00,58.68600000000001,61.18316200351121,-2.4971620035111997,2.4971620035111997
2017-11-23 07:00:00,47.652,55.38524031084833,-7.7332403108483305,7.7332403108483305
2017-11-23 08:00:00,45.076,43.51220847159314,1.5637915284068598,1.5637915284068598
2017-11-23 09:00:00,48.077,42.801384340611385,5.275615659388613,5.275615659388613
2017-11-23 10:00:00,43.869,46.01805637381433,-2.1490563738143322,2.1490563738143322
2017-11-23 11:00:00,45.674,42.842193825569304,2.831806174430696,2.831806174430696
2017-11-23 12:00:00,44.401,45.00175104080761,-0.6007510408076087,0.6007510408076087
2017-11-23 13:00:00,46.135,43.546884655397086,2.5881153446029117,2.5881153446029117
2017-11-23 14:00:00,45.968,44.9954592621094,0.9725407378906041,0.9725407378906041
2017-11-23 15:00:00,45.88399999999999,46.11805691433615,-0.23405691433615772,0.23405691433615772
2017-11-23 16:00:00,46.77,47.23376199162705,-0.46376199162704523,0.46376199162704523
2017-11-23 17:00:00,58.08600000000001,51.82422921166282,6.261770788337195,6.261770788337195
2017-11-23 18:00:00,62.3,59.04585681970038,3.2541431802996144,3.2541431802996144
2017-11-23 19:00:00,62.643,61.86984419707984,0.773155802920158,0.773155802920158
2017-11-23 20:00:00,48.793,56.18533896767071,-7.39233896767071,7.39233896767071
2017-11-23 21:00:00,45.478,41.955576453721456,3.522423546278546,3.522423546278546
2017-11-23 22:00:00,46.118,41.693857969724455,4.424142030275547,4.424142030275547
2017-11-23 23:00:00,45.249,44.15796169174641,1.0910383082535944,1.0910383082535944
2017-11-24 00:00:00,44.034,44.71183233231877,-0.677832332318772,0.677832332318772
2017-11-24 01:00:00,47.608,43.79786488742382,3.8101351125761767,3.8101351125761767
2017-11-24 02:00:00,47.44600000000001,49.55123504709385,-2.105235047093835,2.105235047093835
2017-11-24 03:00:00,46.437,48.35823980898943,-1.9212398089894336,1.9212398089894336
2017-11-24 04:00:00,56.694,48.799675484090855,7.8943245159091475,7.8943245159091475
2017-11-24 05:00:00,60.683,62.584467870110494,-1.9014678701104941,1.9014678701104941
2017-11-24 06:00:00,57.499,62.45517197613198,-4.9561719761319765,4.9561719761319765
2017-11-24 07:00:00,45.083,55.17104663116294,-10.088046631162939,10.088046631162939
2017-11-24 08:00:00,45.881,43.9680655313278,1.9129344686721979,1.9129344686721979
2017-11-24 09:00:00,49.098,44.19445035271539,4.903549647284606,4.903549647284606
2017-11-24 10:00:00,47.293,47.561274168602615,-0.2682741686026162,0.2682741686026162
2017-11-24 11:00:00,45.882,46.92553809255554,-1.0435380925555435,1.0435380925555435
2017-11-24 12:00:00,46.667,45.395728526469,1.2712714735310016,1.2712714735310016
2017-11-24 13:00:00,46.416,45.84130637034201,0.5746936296579861,0.5746936296579861
2017-11-24 14:00:00,46.661,45.95225829198897,0.7087417080110328,0.7087417080110328
2017-11-24 15:00:00,49.03,46.59895924477211,2.4310407552278903,2.4310407552278903
2017-11-24 16:00:00,50.94,50.621046670158094,0.3189533298419036,0.3189533298419036
2017-11-24 17:00:00,55.192,59.325073694650534,-4.133073694650534,4.133073694650534
2017-11-24 18:00:00,61.93600000000001,61.4096438867498,0.526356113250209,0.526356113250209
2017-11-24 19:00:00,61.328,62.754888620979315,-1.4268886209793123,1.4268886209793123
2017-11-24 20:00:00,49.159,55.10788851570191,-5.94888851570191,5.94888851570191
2017-11-24 21:00:00,43.216,43.06569908206076,0.15030091793924072,0.15030091793924072
2017-11-24 22:00:00,41.347,42.870018936023925,-1.5230189360239237,1.5230189360239237
2017-11-24 23:00:00,42.938,43.06225585653339,-0.124255856533388,0.124255856533388
2017-11-25 00:00:00,43.84,43.42715417765802,0.4128458223419855,0.4128458223419855
2017-11-25 01:00:00,43.285,44.790966819817754,-1.5059668198177576,1.5059668198177576
2017-11-25 02:00:00,42.488,44.44549639347618,-1.957496393476184,1.957496393476184
2017-11-25 03:00:00,41.9,43.63012504226587,-1.7301250422658683,1.7301250422658683
2017-11-25 04:00:00,45.199,47.55473980439695,-2.355739804396954,2.355739804396954
2017-11-25 05:00:00,49.247,52.109137414772185,-2.862137414772185,2.862137414772185
2017-11-25 06:00:00,49.352,55.94342073143575,-6.591420731435754,6.591420731435754
2017-11-25 07:00:00,55.125,50.2027651473323,4.9222348526677,4.9222348526677
2017-11-25 08:00:00,51.051,49.5089499133714,1.542050086628599,1.542050086628599
2017-11-25 09:00:00,48.201,46.93056246255789,1.2704375374421133,1.2704375374421133
2017-11-25 10:00:00,44.152,46.75379320671667,-2.601793206716671,2.601793206716671
2017-11-25 11:00:00,44.505,42.846068016340425,1.6589319836595777,1.6589319836595777
2017-11-25 12:00:00,42.793,44.22487794037379,-1.4318779403737878,1.4318779403737878
2017-11-25 13:00:00,42.46,43.091122562006895,-0.6311225620068939,0.6311225620068939
2017-11-25 14:00:00,41.962,43.89683200942611,-1.9348320094261098,1.9348320094261098
2017-11-25 15:00:00,45.758,44.757079481703144,1.0009205182968586,1.0009205182968586
2017-11-25 16:00:00,48.605,48.78755441991328,-0.1825544199132807,0.1825544199132807
2017-11-25 17:00:00,58.574,55.291286665223346,3.282713334776652,3.282713334776652
2017-11-25 18:00:00,60.713,59.20966311050773,1.5033368894922745,1.5033368894922745
2017-11-25 19:00:00,54.264,56.56769329822719,-2.303693298227188,2.303693298227188
2017-11-25 20:00:00,47.367,47.82168444611572,-0.4546844461157207,0.4546844461157207
2017-11-25 21:00:00,45.269,42.181257504123025,3.0877424958769737,3.0877424958769737
2017-11-25 22:00:00,41.442,41.77140988801144,-0.32940988801144044,0.32940988801144044
2017-11-25 23:00:00,37.74800000000001,42.68940994615377,-4.941409946153762,4.941409946153762
2017-11-26 00:00:00,35.949,39.40776129139925,-3.4587612913992487,3.4587612913992487
2017-11-26 01:00:00,36.041,37.527742956104646,-1.4867429561046492,1.4867429561046492
2017-11-26 02:00:00,35.526,37.72927804276672,-2.203278042766719,2.203278042766719
2017-11-26 03:00:00,36.019,37.965090655905776,-1.9460906559057776,1.9460906559057776
2017-11-26 04:00:00,42.864,41.127089220674684,1.7369107793253136,1.7369107793253136
2017-11-26 05:00:00,53.81,48.08413843007096,5.7258615699290445,5.7258615699290445
2017-11-26 06:00:00,51.787,55.17806027815691,-3.391060278156914,3.391060278156914
2017-11-26 07:00:00,51.132,53.96723462271105,-2.8352346227110488,2.8352346227110488
2017-11-26 08:00:00,47.695,47.5261601604973,0.1688398395027022,0.1688398395027022
2017-11-26 09:00:00,44.426,45.060172523093335,-0.6341725230933335,0.6341725230933335
2017-11-26 10:00:00,43.167,43.5398032812238,-0.3728032812237956,0.3728032812237956
2017-11-26 11:00:00,36.336,43.0639851246323,-6.727985124632305,6.727985124632305
2017-11-26 12:00:00,29.491,34.82142776911916,-5.3304277691191615,5.3304277691191615
2017-11-26 13:00:00,30.65,29.80031698330276,0.849683016697238,0.849683016697238
2017-11-26 14:00:00,31.419,33.834819663118154,-2.415819663118153,2.415819663118153
2017-11-26 15:00:00,31.577,32.5890340648318,-1.0120340648317985,1.0120340648317985
2017-11-26 16:00:00,42.38,34.83227625479674,7.547723745203264,7.547723745203264
2017-11-26 17:00:00,50.224,48.99611376064029,1.2278862393597052,1.2278862393597052
2017-11-26 18:00:00,61.097,53.025717315164016,8.071282684835985,8.071282684835985
2017-11-26 19:00:00,61.109,60.070659956826695,1.0383400431733065,1.0383400431733065
2017-11-26 20:00:00,38.037,52.50440637583057,-14.46740637583057,14.46740637583057
2017-11-26 21:00:00,19.313,34.18405895455237,-14.871058954552371,14.871058954552371
2017-11-26 22:00:00,16.225,24.57582521520402,-8.350825215204019,8.350825215204019
2017-11-26 23:00:00,17.430999999999994,25.736259528707517,-8.305259528707523,8.305259528707523
2017-11-27 00:00:00,17.636,23.445069675157438,-5.809069675157438,5.809069675157438
2017-11-27 01:00:00,15.63,23.919994124404532,-8.289994124404531,8.289994124404531
2017-11-27 02:00:00,16.241,24.505910136112455,-8.264910136112455,8.264910136112455
2017-11-27 03:00:00,17.179000000000002,24.00201495371523,-6.8230149537152265,6.8230149537152265
2017-11-27 04:00:00,20.162,25.55343038447874,-5.391430384478742,5.391430384478742
2017-11-27 05:00:00,26.09800000000001,27.060416187221833,-0.9624161872218231,0.9624161872218231
2017-11-27 06:00:00,37.046,32.85112782372056,4.194872176279439,4.194872176279439
2017-11-27 07:00:00,38.74800000000001,40.18368987528601,-1.4356898752859948,1.4356898752859948
2017-11-27 08:00:00,29.982,36.53824225668638,-6.556242256686382,6.556242256686382
2017-11-27 09:00:00,27.722,31.227533936564264,-3.5055339365642624,3.5055339365642624
2017-11-27 10:00:00,26.833,28.35431608525077,-1.5213160852507706,1.5213160852507706
2017-11-27 11:00:00,25.099,31.809111965720806,-6.710111965720806,6.710111965720806
2017-11-27 12:00:00,23.19400000000001,27.457839010337636,-4.263839010337627,4.263839010337627
2017-11-27 13:00:00,23.214,25.788249921262697,-2.574249921262698,2.574249921262698
2017-11-27 14:00:00,22.57,26.307763872124223,-3.737763872124223,3.737763872124223
2017-11-27 15:00:00,23.041,27.63376659021338,-4.59276659021338,4.59276659021338
2017-11-27 16:00:00,25.273000000000003,29.032360502468414,-3.759360502468411,3.759360502468411
2017-11-27 17:00:00,38.812,31.599525291591846,7.212474708408152,7.212474708408152
2017-11-27 18:00:00,42.438,44.84257896618528,-2.4045789661852766,2.4045789661852766
2017-11-27 19:00:00,42.408,43.75813604368768,-1.3501360436876766,1.3501360436876766
2017-11-27 20:00:00,29.75800000000001,35.53494183876389,-5.776941838763882,5.776941838763882
2017-11-27 21:00:00,21.297,24.219425635130406,-2.9224256351304057,2.9224256351304057
2017-11-27 22:00:00,17.191,21.00278879121078,-3.8117887912107804,3.8117887912107804
2017-11-27 23:00:00,16.516,17.980906785146928,-1.4649067851469297,1.4649067851469297
2017-11-28 00:00:00,16.399,17.279726534477465,-0.8807265344774642,0.8807265344774642
2017-11-28 01:00:00,22.235,17.862472089629932,4.372527910370067,4.372527910370067
2017-11-28 02:00:00,25.236,23.714654109633134,1.5213458903668666,1.5213458903668666
2017-11-28 03:00:00,23.839,26.062457862231547,-2.223457862231548,2.223457862231548
2017-11-28 04:00:00,34.371,25.31487207004336,9.056127929956642,9.056127929956642
2017-11-28 05:00:00,39.396,38.44093288842677,0.9550671115732285,0.9550671115732285
2017-11-28 06:00:00,38.368,43.486577156514095,-5.1185771565140925,5.1185771565140925
2017-11-28 07:00:00,28.359,35.9266817006725,-7.567681700672502,7.567681700672502
2017-11-28 08:00:00,29.311,26.922636365781248,2.388363634218752,2.388363634218752
2017-11-28 09:00:00,28.54300000000001,28.261063637473224,0.28193636252678544,0.28193636252678544
2017-11-28 10:00:00,27.727,27.825589007612784,-0.09858900761278377,0.09858900761278377
2017-11-28 11:00:00,27.655,26.668350834089882,0.9866491659101193,0.9866491659101193
2017-11-28 12:00:00,27.59800000000001,26.36521388897109,1.2327861110289184,1.2327861110289184
2017-11-28 13:00:00,26.687,26.267673359579796,0.4193266404202056,0.4193266404202056
2017-11-28 14:00:00,26.519,25.831294175970452,0.6877058240295462,0.6877058240295462
2017-11-28 15:00:00,24.834,26.029293799055488,-1.195293799055488,1.195293799055488
2017-11-28 16:00:00,26.454,27.798400264014703,-1.344400264014702,1.344400264014702
2017-11-28 17:00:00,32.605,35.19395733813035,-2.5889573381303563,2.5889573381303563
2017-11-28 18:00:00,40.494,38.3592405706909,2.1347594293090992,2.1347594293090992
2017-11-28 19:00:00,40.411,41.11050658036677,-0.6995065803667657,0.6995065803667657
2017-11-28 20:00:00,26.529,32.96700661279637,-6.438006612796368,6.438006612796368
2017-11-28 21:00:00,19.599,23.405581074661974,-3.806581074661974,3.806581074661974
2017-11-28 22:00:00,19.64,19.84204662098752,-0.20204662098752024,0.20204662098752024
2017-11-28 23:00:00,19.023,19.841436646142757,-0.8184366461427572,0.8184366461427572
2017-11-29 00:00:00,20.059,18.709654025607467,1.3493459743925342,1.3493459743925342
2017-11-29 01:00:00,20.44,20.572391745165717,-0.13239174516571595,0.13239174516571595
2017-11-29 02:00:00,25.763,24.146549139768837,1.616450860231165,1.616450860231165
2017-11-29 03:00:00,25.389,26.464216486814863,-1.0752164868148633,1.0752164868148633
2017-11-29 04:00:00,28.867,31.00551763297595,-2.1385176329759474,2.1385176329759474
2017-11-29 05:00:00,37.862,36.08046128533599,1.7815387146640091,1.7815387146640091
2017-11-29 06:00:00,38.435,42.377433990150365,-3.942433990150363,3.942433990150363
2017-11-29 07:00:00,35.37699999999999,33.28347975469146,2.0935202453085253,2.0935202453085253
2017-11-29 08:00:00,30.218000000000004,28.173843258041494,2.04415674195851,2.04415674195851
2017-11-29 09:00:00,32.106,27.685642406957474,4.420357593042528,4.420357593042528
2017-11-29 10:00:00,28.093000000000004,29.14926280157776,-1.0562628015777555,1.0562628015777555
2017-11-29 11:00:00,27.472,27.22414546018968,0.2478545398103229,0.2478545398103229
2017-11-29 12:00:00,31.885,27.137668603700487,4.747331396299515,4.747331396299515
2017-11-29 13:00:00,27.585,28.4662808611963,-0.8812808611962986,0.8812808611962986
2017-11-29 14:00:00,24.834,26.925040502339918,-2.0910405023399186,2.0910405023399186
2017-11-29 15:00:00,33.062,25.56648668373199,7.495513316268006,7.495513316268006
2017-11-29 16:00:00,35.282,31.24288167258387,4.039118327416126,4.039118327416126
2017-11-29 17:00:00,37.88,38.98817503178384,-1.108175031783837,1.108175031783837
2017-11-29 18:00:00,42.679,40.536919369069665,2.1420806309303373,2.1420806309303373
2017-11-29 19:00:00,41.597,41.078960863473874,0.5180391365261272,0.5180391365261272
2017-11-29 20:00:00,26.554,33.55698258672,-7.002982586719998,7.002982586719998
2017-11-29 21:00:00,20.372,23.637482948101585,-3.2654829481015852,3.2654829481015852
2017-11-29 22:00:00,18.183,19.840290418923736,-1.6572904189237363,1.6572904189237363
2017-11-29 23:00:00,16.772000000000002,18.372422388663594,-1.600422388663592,1.600422388663592
2017-11-30 00:00:00,17.044,16.493558486419506,0.5504415135804948,0.5504415135804948
2017-11-30 01:00:00,16.232,18.42809352943663,-2.196093529436631,2.196093529436631
2017-11-30 02:00:00,25.456,20.912445805126836,4.543554194873163,4.543554194873163
2017-11-30 03:00:00,26.399,26.23017651123514,0.1688234887648612,0.1688234887648612
2017-11-30 04:00:00,34.986999999999995,28.207078261591146,6.779921738408849,6.779921738408849
2017-11-30 05:00:00,39.039,40.83195263373015,-1.7929526337301454,1.7929526337301454
2017-11-30 06:00:00,37.215,42.46814980836605,-5.253149808366047,5.253149808366047
2017-11-30 07:00:00,30.357,33.77260657876922,-3.4156065787692214,3.4156065787692214
2017-11-30 08:00:00,28.857,26.896902685372776,1.9600973146272231,1.9600973146272231
2017-11-30 09:00:00,24.584,29.607855618275174,-5.023855618275174,5.023855618275174
2017-11-30 10:00:00,27.734,26.322771917716953,1.4112280822830492,1.4112280822830492
2017-11-30 11:00:00,26.922,27.23631635332582,-0.3143163533258182,0.3143163533258182
2017-11-30 12:00:00,26.907,29.269814687756842,-2.362814687756842,2.362814687756842
2017-11-30 13:00:00,24.178,27.133743188075247,-2.955743188075246,2.955743188075246
2017-11-30 14:00:00,24.202,24.680901707400484,-0.47890170740048177,0.47890170740048177
2017-11-30 15:00:00,27.486,28.826707147070785,-1.340707147070784,1.340707147070784
2017-11-30 16:00:00,27.479,32.65231212486103,-5.173312124861027,5.173312124861027
2017-11-30 17:00:00,31.04,36.12444232236543,-5.084442322365433,5.084442322365433
2017-11-30 18:00:00,43.737,37.92223977530866,5.814760224691341,5.814760224691341
2017-11-30 19:00:00,45.291,43.13557751043786,2.1554224895621346,2.1554224895621346
2017-11-30 20:00:00,33.46,40.04618091679682,-6.58618091679682,6.58618091679682
2017-11-30 21:00:00,23.577,25.483077719731053,-1.9060777197310514,1.9060777197310514
2017-11-30 22:00:00,21.806,22.281146570237627,-0.4751465702376265,0.4751465702376265
2017-11-30 23:00:00,23.187,20.87580882440991,2.3111911755900927,2.3111911755900927
2017-12-01 00:00:00,21.996,22.182167113956012,-0.1861671139560137,0.1861671139560137
2017-12-01 01:00:00,21.472,21.42345958451493,0.048540415485071264,0.048540415485071264
2017-12-01 02:00:00,27.511,24.569101374390236,2.9418986256097632,2.9418986256097632
2017-12-01 03:00:00,26.192,28.125147034695654,-1.9331470346956543,1.9331470346956543
2017-12-01 04:00:00,27.753,31.40561784442627,-3.6526178444262705,3.6526178444262705
2017-12-01 05:00:00,33.602,36.255351408450146,-2.653351408450149,2.653351408450149
2017-12-01 06:00:00,39.57,40.700807863792036,-1.130807863792036,1.130807863792036
2017-12-01 07:00:00,38.658,36.457035361526614,2.200964638473387,2.200964638473387
2017-12-01 08:00:00,27.934,29.50947157816845,-1.5754715781684503,1.5754715781684503
2017-12-01 09:00:00,27.176,25.271119442119574,1.9048805578804249,1.9048805578804249
2017-12-01 10:00:00,28.162,26.709518719538934,1.4524812804610647,1.4524812804610647
2017-12-01 11:00:00,29.587,26.679881289533032,2.9071187104669676,2.9071187104669676
2017-12-01 12:00:00,26.6,27.650664187376233,-1.0506641873762312,1.0506641873762312
2017-12-01 13:00:00,26.32,25.540437296188923,0.7795627038110773,0.7795627038110773
2017-12-01 14:00:00,26.265,25.723949376999265,0.5410506230007357,0.5410506230007357
2017-12-01 15:00:00,29.522,26.94387230858847,2.5781276914115274,2.5781276914115274
2017-12-01 16:00:00,26.728,30.881108840092445,-4.153108840092443,4.153108840092443
2017-12-01 17:00:00,38.881,34.20171081097521,4.679289189024793,4.679289189024793
2017-12-01 18:00:00,44.87300000000001,43.857359545637976,1.0156404543620354,1.0156404543620354
2017-12-01 19:00:00,43.056,44.60359353335609,-1.5475935333560926,1.5475935333560926
2017-12-01 20:00:00,27.458,34.7018545937236,-7.243854593723604,7.243854593723604
2017-12-01 21:00:00,23.906,24.48030860306505,-0.5743086030650524,0.5743086030650524
2017-12-01 22:00:00,24.175,22.81636577366117,1.3586342263388325,1.3586342263388325
2017-12-01 23:00:00,23.927,23.41090811977447,0.516091880225531,0.516091880225531
2017-12-02 00:00:00,24.331,22.947811722186017,1.3831882778139821,1.3831882778139821
2017-12-02 01:00:00,24.396,23.743569097673422,0.6524309023265786,0.6524309023265786
2017-12-02 02:00:00,24.653,26.078280567462702,-1.4252805674627034,1.4252805674627034
2017-12-02 03:00:00,27.845,25.68014935867046,2.16485064132954,2.16485064132954
2017-12-02 04:00:00,27.739,29.676253388364422,-1.9372533883644216,1.9372533883644216
2017-12-02 05:00:00,40.745,39.07837994911444,1.6666200508855553,1.6666200508855553
2017-12-02 06:00:00,41.285,41.992940446222725,-0.7079404462227288,0.7079404462227288
2017-12-02 07:00:00,41.949,38.984575371097996,2.9644246289020018,2.9644246289020018
2017-12-02 08:00:00,29.531,35.84044989265461,-6.309449892654612,6.309449892654612
2017-12-02 09:00:00,32.266,26.88473154285552,5.381268457144479,5.381268457144479
2017-12-02 10:00:00,32.299,29.893987667659058,2.4050123323409416,2.4050123323409416
2017-12-02 11:00:00,44.431,30.230869271345163,14.200130728654834,14.200130728654834
2017-12-02 12:00:00,42.237,44.50394900537027,-2.2669490053702717,2.2669490053702717
2017-12-02 13:00:00,42.438,36.273744689741,6.164255310259001,6.164255310259001
2017-12-02 14:00:00,42.968,37.901425271055935,5.066574728944069,5.066574728944069
2017-12-02 15:00:00,42.599,39.24284601216497,3.356153987835029,3.356153987835029
2017-12-02 16:00:00,36.739,39.3203694237966,-2.581369423796602,2.581369423796602
2017-12-02 17:00:00,32.121,40.118363787556945,-7.997363787556942,7.997363787556942
2017-12-02 18:00:00,46.788,38.511753486329745,8.276246513670252,8.276246513670252
2017-12-02 19:00:00,46.611,46.11945573634977,0.4915442636502263,0.4915442636502263
2017-12-02 20:00:00,39.538,40.194359699646355,-0.6563596996463588,0.6563596996463588
2017-12-02 21:00:00,28.015,32.136616531242964,-4.121616531242964,4.121616531242964
2017-12-02 22:00:00,26.475,26.191718179657588,0.2832818203424132,0.2832818203424132
2017-12-02 23:00:00,27.566,25.574823174562482,1.9911768254375168,1.9911768254375168
2017-12-03 00:00:00,27.872,26.661414539882042,1.210585460117958,1.210585460117958
2017-12-03 01:00:00,29.016,27.102581297964754,1.9134187020352442,1.9134187020352442
2017-12-03 02:00:00,29.15,28.599909499830346,0.5500905001696523,0.5500905001696523
2017-12-03 03:00:00,30.971,29.829539697007625,1.1414603029923747,1.1414603029923747
2017-12-03 04:00:00,32.787,32.00200677055074,0.7849932294492561,0.7849932294492561
2017-12-03 05:00:00,33.279,42.44599561914883,-9.166995619148828,9.166995619148828
2017-12-03 06:00:00,48.849,42.50115843935558,6.347841560644419,6.347841560644419
2017-12-03 07:00:00,48.073,47.79182705314775,0.28117294685225147,0.28117294685225147
2017-12-03 08:00:00,41.169,42.53853991896458,-1.369539918964584,1.369539918964584
2017-12-03 09:00:00,42.692,34.323135328637676,8.368864671362324,8.368864671362324
2017-12-03 10:00:00,36.44,40.58472042233883,-4.144720422338835,4.144720422338835
2017-12-03 11:00:00,32.325,36.081047303200705,-3.7560473032007025,3.7560473032007025
2017-12-03 12:00:00,33.61,32.968830627229316,0.6411693727706833,0.6411693727706833
2017-12-03 13:00:00,39.276,34.71706507696295,4.55893492303705,4.55893492303705
2017-12-03 14:00:00,35.828,40.65279218328908,-4.824792183289077,4.824792183289077
2017-12-03 15:00:00,31.199,35.55721584990522,-4.358215849905218,4.358215849905218
2017-12-03 16:00:00,37.118,35.55256939355469,1.565430606445311,1.565430606445311
2017-12-03 17:00:00,39.109,42.69363339778781,-3.5846333977878118,3.5846333977878118
2017-12-03 18:00:00,40.705,47.21433091825648,-6.509330918256481,6.509330918256481
2017-12-03 19:00:00,38.081,45.719029120652884,-7.638029120652881,7.638029120652881
2017-12-03 20:00:00,29.893,35.80504309961863,-5.912043099618629,5.912043099618629
2017-12-03 21:00:00,19.718,27.863816038099078,-8.145816038099078,8.145816038099078
2017-12-03 22:00:00,20.993,22.422583144684662,-1.4295831446846634,1.4295831446846634
2017-12-03 23:00:00,19.966,22.822883356190413,-2.856883356190412,2.856883356190412
2017-12-04 00:00:00,21.053,22.42724601950618,-1.3742460195061774,1.3742460195061774
2017-12-04 01:00:00,19.316,23.88371706803882,-4.567717068038821,4.567717068038821
2017-12-04 02:00:00,27.497,23.987649692872562,3.5093503071274377,3.5093503071274377
2017-12-04 03:00:00,25.752,29.295814806193047,-3.5438148061930477,3.5438148061930477
2017-12-04 04:00:00,31.95,28.894236530513695,3.0557634694863047,3.0557634694863047
2017-12-04 05:00:00,43.879,41.66506693271549,2.2139330672845077,2.2139330672845077
2017-12-04 06:00:00,45.345,46.61469005400166,-1.2696900540016642,1.2696900540016642
2017-12-04 07:00:00,41.455,42.51792238515331,-1.062922385153314,1.062922385153314
2017-12-04 08:00:00,37.468,33.83051816334888,3.6374818366511263,3.6374818366511263
2017-12-04 09:00:00,29.028,34.62312086947816,-5.5951208694781585,5.5951208694781585
2017-12-04 10:00:00,30.071,29.627125112671756,0.44387488732824565,0.44387488732824565
2017-12-04 11:00:00,28.103,29.81892790953784,-1.7159279095378395,1.7159279095378395
2017-12-04 12:00:00,29.22,29.025780337439112,0.19421966256088652,0.19421966256088652
2017-12-04 13:00:00,28.278,29.73636146562329,-1.458361465623291,1.458361465623291
2017-12-04 14:00:00,27.24,30.02841744141903,-2.788417441419032,2.788417441419032
2017-12-04 15:00:00,27.517,28.1029219693731,-0.5859219693730999,0.5859219693730999
2017-12-04 16:00:00,26.252,31.499413081174403,-5.247413081174404,5.247413081174404
2017-12-04 17:00:00,38.487,36.84089955580457,1.646100444195433,1.646100444195433
2017-12-04 18:00:00,41.191,42.02046309676335,-0.8294630967633481,0.8294630967633481
2017-12-04 19:00:00,41.926,39.29684162057059,2.6291583794294127,2.6291583794294127
2017-12-04 20:00:00,41.18,33.78332916216311,7.396670837836886,7.396670837836886
2017-12-04 21:00:00,31.784,30.59805276301486,1.1859472369851396,1.1859472369851396
2017-12-04 22:00:00,26.976,26.67410539871389,0.3018946012861079,0.3018946012861079
2017-12-04 23:00:00,20.48,25.96313499038436,-5.483134990384361,5.483134990384361
2017-12-05 00:00:00,28.862,20.705142029272377,8.156857970727621,8.156857970727621
2017-12-05 01:00:00,28.55,27.83910072410123,0.7108992758987718,0.7108992758987718
2017-12-05 02:00:00,33.949,30.05012280642361,3.8988771935763893,3.8988771935763893
2017-12-05 03:00:00,30.785,34.28048526074253,-3.49548526074253,3.49548526074253
2017-12-05 04:00:00,32.108000000000004,33.9812785504612,-1.873278550461194,1.873278550461194
2017-12-05 05:00:00,37.528,42.36119459492285,-4.833194594922851,4.833194594922851
2017-12-05 06:00:00,42.647,44.786072910492045,-2.1390729104920467,2.1390729104920467
2017-12-05 07:00:00,45.085,41.35700639611321,3.7279936038867874,3.7279936038867874
2017-12-05 08:00:00,38.665,37.180572491653784,1.484427508346215,1.484427508346215
2017-12-05 09:00:00,34.818000000000005,31.239785563639764,3.5782144363602413,3.5782144363602413
2017-12-05 10:00:00,34.516,31.160464048088855,3.3555359519111434,3.3555359519111434
2017-12-05 11:00:00,37.303,33.05108927675602,4.251910723243981,4.251910723243981
2017-12-05 12:00:00,38.496,36.749959845350695,1.7460401546493074,1.7460401546493074
2017-12-05 13:00:00,34.986999999999995,36.791647748586314,-1.8046477485863193,1.8046477485863193
2017-12-05 14:00:00,35.305,32.71715570549503,2.5878442945049684,2.5878442945049684
2017-12-05 15:00:00,40.384,35.50821558299971,4.87578441700029,4.87578441700029
2017-12-05 16:00:00,38.686,41.267283487534094,-2.581283487534094,2.581283487534094
2017-12-05 17:00:00,47.267,42.32528658645968,4.94171341354032,4.94171341354032
2017-12-05 18:00:00,52.541,47.10435909644507,5.436640903554924,5.436640903554924
2017-12-05 19:00:00,53.03,51.068545641329536,1.9614543586704656,1.9614543586704656
2017-12-05 20:00:00,39.404,45.13948790989761,-5.735487909897607,5.735487909897607
2017-12-05 21:00:00,34.187,32.410672484694906,1.7763275153050913,1.7763275153050913
2017-12-05 22:00:00,31.367,31.36290375189691,0.0040962481030923925,0.0040962481030923925
2017-12-05 23:00:00,32.353,28.720161929695568,3.632838070304434,3.632838070304434
2017-12-06 00:00:00,26.146,31.40813022826612,-5.26213022826612,5.26213022826612
2017-12-06 01:00:00,27.113000000000003,26.85751880217764,0.25548119782236256,0.25548119782236256
2017-12-06 02:00:00,35.687,30.688453884000786,4.998546115999211,4.998546115999211
2017-12-06 03:00:00,34.85,36.112887229275515,-1.2628872292755133,1.2628872292755133
2017-12-06 04:00:00,49.367,35.71697564621498,13.650024353785014,13.650024353785014
2017-12-06 05:00:00,61.737,51.084501375068285,10.652498624931717,10.652498624931717
2017-12-06 06:00:00,61.065,62.809202220671544,-1.7442022206715464,1.7442022206715464
2017-12-06 07:00:00,56.389,58.0366643446323,-1.6476643446322967,1.6476643446322967
2017-12-06 08:00:00,48.002,46.60371662788764,1.3982833721123598,1.3982833721123598
2017-12-06 09:00:00,45.808,44.13872823599767,1.6692717640023318,1.6692717640023318
2017-12-06 10:00:00,45.39100000000001,42.705963859095256,2.6850361409047565,2.6850361409047565
2017-12-06 11:00:00,44.594,42.40257288615789,2.19142711384211,2.19142711384211
2017-12-06 12:00:00,45.06100000000001,42.200637570622895,2.860362429377112,2.860362429377112
2017-12-06 13:00:00,45.507,44.23379178517509,1.2732082148249049,1.2732082148249049
2017-12-06 14:00:00,44.139,44.70623988683875,-0.5672398868387489,0.5672398868387489
2017-12-06 15:00:00,44.914,42.46777494413191,2.4462250558680907,2.4462250558680907
2017-12-06 16:00:00,47.629,44.21252797792152,3.41647202207848,3.41647202207848
2017-12-06 17:00:00,50.858,52.104551361484624,-1.2465513614846273,1.2465513614846273
2017-12-06 18:00:00,60.451,53.101994262657236,7.349005737342765,7.349005737342765
2017-12-06 19:00:00,58.284,60.44301020935045,-2.1590102093504484,2.1590102093504484
2017-12-06 20:00:00,51.14,47.656744863383985,3.483255136616016,3.483255136616016
2017-12-06 21:00:00,42.036,44.351340966065464,-2.315340966065463,2.315340966065463
2017-12-06 22:00:00,41.556,37.0172776009905,4.538722399009501,4.538722399009501
2017-12-06 23:00:00,40.082,38.091468148597116,1.990531851402885,1.990531851402885
2017-12-07 00:00:00,40.044,40.27514490452872,-0.23114490452872616,0.23114490452872616
2017-12-07 01:00:00,41.923,40.18255804159686,1.7404419584031388,1.7404419584031388
2017-12-07 02:00:00,46.877,41.39258853012643,5.484411469873571,5.484411469873571
2017-12-07 03:00:00,45.831,46.49284174948442,-0.6618417494844167,0.6618417494844167
2017-12-07 04:00:00,50.7,47.09067217028602,3.6093278297139832,3.6093278297139832
2017-12-07 05:00:00,55.203,55.72017064352299,-0.5171706435229879,0.5171706435229879
2017-12-07 06:00:00,59.112,58.89921661366862,0.21278338633138105,0.21278338633138105
2017-12-07 07:00:00,53.238,57.2812368802251,-4.043236880225102,4.043236880225102
2017-12-07 08:00:00,48.708,45.401596506450154,3.306403493549844,3.306403493549844
2017-12-07 09:00:00,46.31800000000001,42.44630233442599,3.8716976655740254,3.8716976655740254
2017-12-07 10:00:00,46.261,44.54068708959374,1.720312910406264,1.720312910406264
2017-12-07 11:00:00,45.485,44.33267398688734,1.1523260131126563,1.1523260131126563
2017-12-07 12:00:00,45.538,43.98773924324189,1.5502607567581066,1.5502607567581066
2017-12-07 13:00:00,44.855,43.78313996360576,1.0718600363942343,1.0718600363942343
2017-12-07 14:00:00,45.004,43.83615738282121,1.1678426171787848,1.1678426171787848
2017-12-07 15:00:00,45.317,44.64239834015367,0.6746016598463314,0.6746016598463314
2017-12-07 16:00:00,46.847,45.747118761279445,1.099881238720556,1.099881238720556
2017-12-07 17:00:00,57.32899999999999,52.437789235725916,4.891210764274078,4.891210764274078
2017-12-07 18:00:00,60.622,57.02625826662203,3.59574173337797,3.59574173337797
2017-12-07 19:00:00,60.63399999999999,59.61534500787286,1.0186549921271322,1.0186549921271322
2017-12-07 20:00:00,54.252,52.95217401129487,1.2998259887051304,1.2998259887051304
2017-12-07 21:00:00,42.61,45.86411371368833,-3.2541137136883336,3.2541137136883336
2017-12-07 22:00:00,39.368,39.63920796745021,-0.27120796745020925,0.27120796745020925
2017-12-07 23:00:00,38.876,38.31652295912623,0.5594770408737659,0.5594770408737659
2017-12-08 00:00:00,38.6,37.946348330000646,0.6536516699993555,0.6536516699993555
2017-12-08 01:00:00,42.539,39.1878673794394,3.3511326205605982,3.3511326205605982
2017-12-08 02:00:00,44.039,44.59539328726172,-0.5563932872617201,0.5563932872617201
2017-12-08 03:00:00,44.648,44.63758162990776,0.01041837009224622,0.01041837009224622
2017-12-08 04:00:00,52.223,46.27426841594483,5.948731584055167,5.948731584055167
2017-12-08 05:00:00,59.642,60.72969638580598,-1.0876963858059767,1.0876963858059767
2017-12-08 06:00:00,59.756,60.45239012233908,-0.696390122339082,0.696390122339082
2017-12-08 07:00:00,52.75899999999999,55.17147351571324,-2.412473515713245,2.412473515713245
2017-12-08 08:00:00,43.942,46.869770497174905,-2.9277704971749046,2.9277704971749046
2017-12-08 09:00:00,42.919,41.38916744149807,1.52983255850193,1.52983255850193
2017-12-08 10:00:00,43.252,42.50923396984411,0.7427660301558916,0.7427660301558916
2017-12-08 11:00:00,43.847,42.875920614091335,0.9710793859086664,0.9710793859086664
2017-12-08 12:00:00,44.79600000000001,43.13430507569024,1.6616949243097636,1.6616949243097636
2017-12-08 13:00:00,43.473,44.12243192631039,-0.6494319263103918,0.6494319263103918
2017-12-08 14:00:00,43.125,43.84551448463527,-0.7205144846352667,0.7205144846352667
2017-12-08 15:00:00,45.933,44.310326412830186,1.622673587169814,1.622673587169814
2017-12-08 16:00:00,47.596,46.99126743394221,0.604732566057784,0.604732566057784
2017-12-08 17:00:00,53.532,56.121267529090936,-2.5892675290909395,2.5892675290909395
2017-12-08 18:00:00,61.905,57.49083434240011,4.414165657599888,4.414165657599888
2017-12-08 19:00:00,61.902,60.81660919206894,1.0853908079310628,1.0853908079310628
2017-12-08 20:00:00,53.931,55.71810304294401,-1.7871030429440111,1.7871030429440111
2017-12-08 21:00:00,44.962,43.705439054831906,1.256560945168097,1.256560945168097
2017-12-08 22:00:00,41.719,40.15666150062438,1.5623384993756204,1.5623384993756204
2017-12-08 23:00:00,39.886,40.42139541368695,-0.535395413686949,0.535395413686949
2017-12-09 00:00:00,40.284,39.384762091319686,0.8992379086803126,0.8992379086803126
2017-12-09 01:00:00,39.526,41.25553332278223,-1.729533322782224,1.729533322782224
2017-12-09 02:00:00,38.454,41.6375218734085,-3.183521873408502,3.183521873408502
2017-12-09 03:00:00,39.561,40.81736284103584,-1.2563628410358376,1.2563628410358376
2017-12-09 04:00:00,43.237,43.11194957563533,0.12505042436467306,0.12505042436467306
2017-12-09 05:00:00,47.648,50.0511869713673,-2.4031869713672975,2.4031869713672975
2017-12-09 06:00:00,55.855,54.1366427490702,1.7183572509297989,1.7183572509297989
2017-12-09 07:00:00,60.214,55.61430614276162,4.599693857238378,4.599693857238378
2017-12-09 08:00:00,54.247,53.995862433754155,0.2511375662458448,0.2511375662458448
2017-12-09 09:00:00,45.16,47.836199175913755,-2.6761991759137587,2.6761991759137587
2017-12-09 10:00:00,42.9,43.2841898791314,-0.384189879131398,0.384189879131398
2017-12-09 11:00:00,40.192,43.42380227665726,-3.2318022766572625,3.2318022766572625
2017-12-09 12:00:00,41.776,42.75554733208793,-0.9795473320879253,0.9795473320879253
2017-12-09 13:00:00,41.246,43.26211419687476,-2.01611419687476,2.01611419687476
2017-12-09 14:00:00,41.435,43.64188413081544,-2.206884130815439,2.206884130815439
2017-12-09 15:00:00,41.901,44.51542477054837,-2.614424770548368,2.614424770548368
2017-12-09 16:00:00,41.632,44.47955337322777,-2.8475533732277754,2.8475533732277754
2017-12-09 17:00:00,58.13800000000001,47.84781610152605,10.290183898473963,10.290183898473963
2017-12-09 18:00:00,60.582,58.340451814956744,2.241548185043257,2.241548185043257
2017-12-09 19:00:00,61.386,57.67091745499988,3.715082545000122,3.715082545000122
2017-12-09 20:00:00,54.402,55.15878773423338,-0.7567877342333773,0.7567877342333773
2017-12-09 21:00:00,42.14,42.432830619766776,-0.29283061976677516,0.29283061976677516
2017-12-09 22:00:00,38.561,39.886754924788534,-1.3257549247885336,1.3257549247885336
2017-12-09 23:00:00,37.627,37.324028804548284,0.30297119545171824,0.30297119545171824
2017-12-10 00:00:00,38.091,38.36782179252648,-0.27682179252647643,0.27682179252647643
2017-12-10 01:00:00,38.442,38.74037966304806,-0.29837966304805974,0.29837966304805974
2017-12-10 02:00:00,38.559,38.874309484318026,-0.3153094843180284,0.3153094843180284
2017-12-10 03:00:00,38.499,39.26014590427132,-0.7611459042713165,0.7611459042713165
2017-12-10 04:00:00,48.355,41.47139712546778,6.883602874532215,6.883602874532215
2017-12-10 05:00:00,58.603,53.10984709580033,5.493152904199668,5.493152904199668
2017-12-10 06:00:00,57.93899999999999,60.69518869527521,-2.7561886952752204,2.7561886952752204
2017-12-10 07:00:00,48.485,56.49828619135049,-8.013286191350488,8.013286191350488
2017-12-10 08:00:00,40.461,48.39163644343423,-7.930636443434231,7.930636443434231
2017-12-10 09:00:00,42.16,40.10849158776683,2.0515084122331686,2.0515084122331686
2017-12-10 10:00:00,41.68600000000001,41.76143643347315,-0.07543643347314344,0.07543643347314344
2017-12-10 11:00:00,40.496,40.6842309112485,-0.1882309112484961,0.1882309112484961
2017-12-10 12:00:00,39.608,40.77861882969881,-1.1706188296988103,1.1706188296988103
2017-12-10 13:00:00,41.267,40.11892541419118,1.1480745858088213,1.1480745858088213
2017-12-10 14:00:00,42.502,41.87436789068492,0.6276321093150798,0.6276321093150798
2017-12-10 15:00:00,42.254,42.03535573280468,0.21864426719531593,0.21864426719531593
2017-12-10 16:00:00,43.881,42.63498410787788,1.2460158921221236,1.2460158921221236
2017-12-10 17:00:00,58.842,50.22376908917639,8.618230910823605,8.618230910823605
2017-12-10 18:00:00,58.602,58.189281212042154,0.4127187879578429,0.4127187879578429
2017-12-10 19:00:00,53.145,55.52862294747698,-2.3836229474769794,2.3836229474769794
2017-12-10 20:00:00,41.44,49.22227010382237,-7.78227010382237,7.78227010382237
2017-12-10 21:00:00,40.464,39.16328455622325,1.3007154437767454,1.3007154437767454
2017-12-10 22:00:00,39.037,39.28628252972327,-0.24928252972327414,0.24928252972327414
2017-12-10 23:00:00,38.562,38.234811547069015,0.327188452930983,0.327188452930983
2017-12-11 00:00:00,38.589,37.839399358357774,0.7496006416422247,0.7496006416422247
2017-12-11 01:00:00,38.216,38.403141073296034,-0.1871410732960328,0.1871410732960328
2017-12-11 02:00:00,38.045,39.949736552849565,-1.9047365528495632,1.9047365528495632
2017-12-11 03:00:00,39.212,39.34043245544168,-0.12843245544167559,0.12843245544167559
2017-12-11 04:00:00,41.635,42.95167220830816,-1.3166722083081623,1.3166722083081623
2017-12-11 05:00:00,48.544,48.563313583146474,-0.019313583146477242,0.019313583146477242
2017-12-11 06:00:00,59.585,54.547460414153164,5.037539585846837,5.037539585846837
2017-12-11 07:00:00,61.504,58.44656476587863,3.057435234121371,3.057435234121371
2017-12-11 08:00:00,47.856,54.940086751652515,-7.084086751652514,7.084086751652514
2017-12-11 09:00:00,41.291,43.903942248652704,-2.6129422486527076,2.6129422486527076
2017-12-11 10:00:00,38.632,40.61181618103435,-1.9798161810343515,1.9798161810343515
2017-12-11 11:00:00,39.476,38.30345654717337,1.1725434528266305,1.1725434528266305
2017-12-11 12:00:00,39.815,39.293291197458714,0.5217088025412835,0.5217088025412835
2017-12-11 13:00:00,38.723,40.73341649787208,-2.010416497872079,2.010416497872079
2017-12-11 14:00:00,39.839,39.00404677320711,0.8349532267928907,0.8349532267928907
2017-12-11 15:00:00,41.99100000000001,41.411654882648754,0.5793451173512523,0.5793451173512523
2017-12-11 16:00:00,51.182,44.132830753207195,7.0491692467928075,7.0491692467928075
2017-12-11 17:00:00,57.845,56.429621169357816,1.415378830642183,1.415378830642183
2017-12-11 18:00:00,58.749,58.40178233982499,0.3472176601750121,0.3472176601750121
2017-12-11 19:00:00,56.894,56.143066649243075,0.7509333507569238,0.7509333507569238
2017-12-11 20:00:00,46.675,49.40369943878101,-2.728699438781014,2.728699438781014
2017-12-11 21:00:00,42.37600000000001,40.719146135970405,1.6568538640296069,1.6568538640296069
2017-12-11 22:00:00,40.042,39.232473982564606,0.8095260174353953,0.8095260174353953
2017-12-11 23:00:00,39.979,39.3261485158486,0.6528514841513982,0.6528514841513982
2017-12-12 00:00:00,39.512,39.85680629296977,-0.3448062929697713,0.3448062929697713
2017-12-12 01:00:00,41.791,39.80020318447324,1.9907968155267568,1.9907968155267568
2017-12-12 02:00:00,45.984,42.198458117791105,3.7855418822088964,3.7855418822088964
2017-12-12 03:00:00,45.702,43.99129134361375,1.7107086563862453,1.7107086563862453
2017-12-12 04:00:00,49.465,44.4543166619461,5.0106833380539015,5.0106833380539015
2017-12-12 05:00:00,60.226000000000006,54.7937374969423,5.432262503057707,5.432262503057707
2017-12-12 06:00:00,60.261,62.6198732616298,-2.358873261629796,2.358873261629796
2017-12-12 07:00:00,56.705,58.43007853108782,-1.7250785310878243,1.7250785310878243
2017-12-12 08:00:00,45.22,47.94490253305886,-2.7249025330588594,2.7249025330588594
2017-12-12 09:00:00,47.905,41.96827344162078,5.93672655837922,5.93672655837922
2017-12-12 10:00:00,45.712,45.96087513896819,-0.24887513896818803,0.24887513896818803
2017-12-12 11:00:00,44.901,43.18867968976468,1.7123203102353202,1.7123203102353202
2017-12-12 12:00:00,45.028,41.94469287853979,3.0833071214602086,3.0833071214602086
2017-12-12 13:00:00,43.517,43.397729987863585,0.1192700121364183,0.1192700121364183
2017-12-12 14:00:00,45.65,42.53836478312163,3.111635216878369,3.111635216878369
2017-12-12 15:00:00,43.43899999999999,44.351594594060174,-0.912594594060181,0.912594594060181
2017-12-12 16:00:00,45.999,46.137619394632054,-0.13861939463205175,0.13861939463205175
2017-12-12 17:00:00,54.54600000000001,53.00202854505043,1.5439714549495775,1.5439714549495775
2017-12-12 18:00:00,61.153,56.754747369103946,4.398252630896053,4.398252630896053
2017-12-12 19:00:00,62.195,60.27475861141607,1.920241388583932,1.920241388583932
2017-12-12 20:00:00,53.19300000000001,53.885180054271316,-0.6921800542713044,0.6921800542713044
2017-12-12 21:00:00,41.349,45.359358562105214,-4.010358562105218,4.010358562105218
2017-12-12 22:00:00,40.789,39.4782159917468,1.3107840082532007,1.3107840082532007
2017-12-12 23:00:00,39.856,40.745458997849546,-0.8894589978495446,0.8894589978495446
2017-12-13 00:00:00,39.235,40.207536827350005,-0.9725368273500052,0.9725368273500052
2017-12-13 01:00:00,41.515,40.551451855477296,0.9635481445227043,0.9635481445227043
2017-12-13 02:00:00,47.149,45.322368601382,1.826631398617998,1.826631398617998
2017-12-13 03:00:00,45.331,47.31114679483142,-1.9801467948314198,1.9801467948314198
2017-12-13 04:00:00,49.243,47.98765108784441,1.2553489121555899,1.2553489121555899
2017-12-13 05:00:00,57.908,56.316720676970014,1.5912793230299869,1.5912793230299869
2017-12-13 06:00:00,62.059,61.90593930821292,0.1530606917870756,0.1530606917870756
2017-12-13 07:00:00,53.109,61.72425991196884,-8.615259911968842,8.615259911968842
2017-12-13 08:00:00,48.239,47.927651827347354,0.31134817265264303,0.31134817265264303
2017-12-13 09:00:00,44.909,44.64587622737225,0.26312377262775044,0.26312377262775044
2017-12-13 10:00:00,43.519,44.7101303649917,-1.1911303649917002,1.1911303649917002
2017-12-13 11:00:00,42.675,44.61290789059572,-1.9379078905957243,1.9379078905957243
2017-12-13 12:00:00,42.974,43.527520722087516,-0.5535207220875193,0.5535207220875193
2017-12-13 13:00:00,42.387,43.83576673497135,-1.4487667349713504,1.4487667349713504
2017-12-13 14:00:00,23.66800000000001,43.65463976995732,-19.98663976995731,19.98663976995731
2017-12-13 15:00:00,32.603,24.610721572558074,7.992278427441928,7.992278427441928
2017-12-13 16:00:00,36.375,35.75860379275027,0.6163962072497284,0.6163962072497284
2017-12-13 17:00:00,43.747,44.89598998690868,-1.1489899869086813,1.1489899869086813
2017-12-13 18:00:00,49.858,48.615504822181464,1.2424951778185331,1.2424951778185331
2017-12-13 19:00:00,49.64100000000001,51.990145147296914,-2.349145147296902,2.349145147296902
2017-12-13 20:00:00,43.914,49.81529945007574,-5.90129945007574,5.90129945007574
2017-12-13 21:00:00,37.103,41.288229398915774,-4.185229398915773,4.185229398915773
2017-12-13 22:00:00,27.818,36.26539098995752,-8.447390989957515,8.447390989957515
2017-12-13 23:00:00,28.229,27.32041968325014,0.908580316749859,0.908580316749859
2017-12-14 00:00:00,26.442,29.227478900779673,-2.7854789007796725,2.7854789007796725
2017-12-14 01:00:00,28.99,26.98314153596833,2.0068584640316693,2.0068584640316693
2017-12-14 02:00:00,35.745,32.58503825994884,3.159961740051159,3.159961740051159
2017-12-14 03:00:00,34.863,40.87122146706738,-6.008221467067379,6.008221467067379
2017-12-14 04:00:00,50.098,37.13434907904651,12.96365092095349,12.96365092095349
2017-12-14 05:00:00,61.871,53.49679916711796,8.374200832882039,8.374200832882039
2017-12-14 06:00:00,61.74800000000001,61.605171451969966,0.14282854803004597,0.14282854803004597
2017-12-14 07:00:00,58.394,59.25836553506092,-0.8643655350609194,0.8643655350609194
2017-12-14 08:00:00,49.907,49.06755279086754,0.8394472091324587,0.8394472091324587
2017-12-14 09:00:00,45.81100000000001,42.00280407436627,3.80819592563374,3.80819592563374
2017-12-14 10:00:00,46.449,42.76764503976386,3.681354960236135,3.681354960236135
2017-12-14 11:00:00,45.99800000000001,43.4248218739507,2.5731781260493136,2.5731781260493136
2017-12-14 12:00:00,47.01,43.56685939967034,3.443140600329656,3.443140600329656
2017-12-14 13:00:00,47.053,44.06303928235739,2.98996071764261,2.98996071764261
2017-12-14 14:00:00,47.354,46.269903229087674,1.0840967709123248,1.0840967709123248
2017-12-14 15:00:00,46.458,45.23938185559495,1.218618144405049,1.218618144405049
2017-12-14 16:00:00,46.868,45.388706170258224,1.4792938297417777,1.4792938297417777
2017-12-14 17:00:00,48.839,49.17589069539687,-0.33689069539687466,0.33689069539687466
2017-12-14 18:00:00,56.898,51.57935934274766,5.318640657252345,5.318640657252345
2017-12-14 19:00:00,62.81800000000001,55.320632279101915,7.497367720898097,7.497367720898097
2017-12-14 20:00:00,62.417,59.36246346519066,3.054536534809344,3.054536534809344
2017-12-14 21:00:00,53.558,50.49625025189974,3.0617497481002616,3.0617497481002616
2017-12-14 22:00:00,43.855,46.30109796341856,-2.4460979634185662,2.4460979634185662
2017-12-14 23:00:00,39.543,39.373202860933006,0.16979713906699345,0.16979713906699345
2017-12-15 00:00:00,39.544,37.48342266224729,2.0605773377527044,2.0605773377527044
2017-12-15 01:00:00,41.716,39.65036037208772,2.065639627912283,2.065639627912283
2017-12-15 02:00:00,49.012,41.6874542203259,7.324545779674104,7.324545779674104
2017-12-15 03:00:00,47.095,49.322978543432846,-2.2279785434328474,2.2279785434328474
2017-12-15 04:00:00,50.19,49.100802526526586,1.089197473473412,1.089197473473412
2017-12-15 05:00:00,56.353,56.480443425937715,-0.12744342593771307,0.12744342593771307
2017-12-15 06:00:00,62.288,61.73075980521521,0.5572401947847894,0.5572401947847894
2017-12-15 07:00:00,58.63800000000001,62.165824587680106,-3.5278245876800938,3.5278245876800938
2017-12-15 08:00:00,48.115,50.22467131460864,-2.10967131460864,2.10967131460864
2017-12-15 09:00:00,46.164,43.9009616996849,2.2630383003151024,2.2630383003151024
2017-12-15 10:00:00,46.347,45.54654421198366,0.8004557880163432,0.8004557880163432
2017-12-15 11:00:00,45.675,45.41337311982401,0.2616268801759887,0.2616268801759887
2017-12-15 12:00:00,45.677,45.50222633045372,0.17477366954627627,0.17477366954627627
2017-12-15 13:00:00,45.258,45.468842116795344,-0.21084211679534093,0.21084211679534093
2017-12-15 14:00:00,45.75,45.442151601602646,0.3078483983973541,0.3078483983973541
2017-12-15 15:00:00,46.537,46.378857048784134,0.15814295121586497,0.15814295121586497
2017-12-15 16:00:00,49.698,47.8411856578597,1.8568143421403036,1.8568143421403036
2017-12-15 17:00:00,57.58,55.07980826819962,2.5001917318003777,2.5001917318003777
2017-12-15 18:00:00,61.343,60.74847850813144,0.5945214918685622,0.5945214918685622
2017-12-15 19:00:00,62.44600000000001,60.917184698935685,1.528815301064327,1.528815301064327
2017-12-15 20:00:00,51.647,57.52974513178976,-5.882745131789761,5.882745131789761
2017-12-15 21:00:00,44.076,44.7617686969277,-0.6857686969277026,0.6857686969277026
2017-12-15 22:00:00,40.711,42.40746230147212,-1.696462301472124,1.696462301472124
2017-12-15 23:00:00,39.189,40.27952788278102,-1.0905278827810179,1.0905278827810179
2017-12-16 00:00:00,37.843,39.60488399524327,-1.7618839952432666,1.7618839952432666
2017-12-16 01:00:00,37.9,39.89684008867677,-1.9968400886767697,1.9968400886767697
2017-12-16 02:00:00,38.167,40.87149944888887,-2.7044994488888676,2.7044994488888676
2017-12-16 03:00:00,38.362,42.17156731482724,-3.809567314827241,3.809567314827241
2017-12-16 04:00:00,41.512,43.35160458059456,-1.8396045805945604,1.8396045805945604
2017-12-16 05:00:00,53.32,49.01882447836072,4.30117552163928,4.30117552163928
2017-12-16 06:00:00,60.195,59.7534023533711,0.44159764662889955,0.44159764662889955
2017-12-16 07:00:00,59.49100000000001,60.487384643163814,-0.9963846431638075,0.9963846431638075
2017-12-16 08:00:00,58.115,50.39523203146831,7.719767968531691,7.719767968531691
2017-12-16 09:00:00,45.494,48.79220957136768,-3.2982095713676784,3.2982095713676784
2017-12-16 10:00:00,44.008,44.01652098597997,-0.008520985979970419,0.008520985979970419
2017-12-16 11:00:00,42.762,42.76186174668618,0.00013825331382122386,0.00013825331382122386
2017-12-16 12:00:00,42.36600000000001,42.94762009767804,-0.5816200976780337,0.5816200976780337
2017-12-16 13:00:00,42.04,43.402037798234886,-1.362037798234887,1.362037798234887
2017-12-16 14:00:00,42.369,43.23845325383603,-0.8694532538360278,0.8694532538360278
2017-12-16 15:00:00,43.71,44.53763537568662,-0.8276353756866186,0.8276353756866186
2017-12-16 16:00:00,44.757,46.93589860570104,-2.1788986057010433,2.1788986057010433
2017-12-16 17:00:00,54.208,52.97634945416499,1.2316505458350093,1.2316505458350093
2017-12-16 18:00:00,61.149,56.57336343123096,4.575636568769042,4.575636568769042
2017-12-16 19:00:00,61.158,59.25614564011476,1.9018543598852418,1.9018543598852418
2017-12-16 20:00:00,55.585,53.44324367090444,2.141756329095564,2.141756329095564
2017-12-16 21:00:00,42.803,44.14203836061782,-1.3390383606178204,1.3390383606178204
2017-12-16 22:00:00,40.309,39.50411125676722,0.8048887432327803,0.8048887432327803
2017-12-16 23:00:00,40.24800000000001,40.2223201390804,0.02567986091960961,0.02567986091960961
2017-12-17 00:00:00,39.529,39.75516591063208,-0.22616591063207636,0.22616591063207636
2017-12-17 01:00:00,40.26,39.451822253464144,0.8081777465358542,0.8081777465358542
2017-12-17 02:00:00,40.806,40.554145515274826,0.2518544847251718,0.2518544847251718
2017-12-17 03:00:00,41.085,40.73129173638492,0.3537082636150828,0.3537082636150828
2017-12-17 04:00:00,42.267,42.88256807326343,-0.6155680732634252,0.6155680732634252
2017-12-17 05:00:00,48.227,49.68506478680663,-1.4580647868066308,1.4580647868066308
2017-12-17 06:00:00,58.55,54.21598722413925,4.334012775860749,4.334012775860749
2017-12-17 07:00:00,60.236,57.832328597370775,2.4036714026292216,2.4036714026292216
2017-12-17 08:00:00,53.958,53.33813306396327,0.619866936036729,0.619866936036729
2017-12-17 09:00:00,47.695,47.02074987151641,0.6742501284835924,0.6742501284835924
2017-12-17 10:00:00,44.174,44.5422591974384,-0.3682591974383982,0.3682591974383982
2017-12-17 11:00:00,43.753,42.542725459284924,1.2102745407150763,1.2102745407150763
2017-12-17 12:00:00,41.412,42.98440810366816,-1.5724081036681596,1.5724081036681596
2017-12-17 13:00:00,42.26600000000001,41.42571363452845,0.8402863654715631,0.8402863654715631
2017-12-17 14:00:00,42.209,42.575019062884486,-0.36601906288448305,0.36601906288448305
2017-12-17 15:00:00,43.165,43.85948724532722,-0.694487245327224,0.694487245327224
2017-12-17 16:00:00,46.878,45.89942909821794,0.9785709017820636,0.9785709017820636
2017-12-17 17:00:00,56.54,54.625197509849784,1.9148024901502154,1.9148024901502154
2017-12-17 18:00:00,59.403,58.09048870958336,1.3125112904166372,1.3125112904166372
2017-12-17 19:00:00,59.159,57.14364643506364,2.015353564936362,2.015353564936362
2017-12-17 20:00:00,53.302,52.5346569418521,0.767343058147901,0.767343058147901
2017-12-17 21:00:00,42.403,43.295516688154464,-0.8925166881544655,0.8925166881544655
2017-12-17 22:00:00,40.295,39.82096118510991,0.47403881489009336,0.47403881489009336
2017-12-17 23:00:00,38.865,41.02197258407064,-2.156972584070637,2.156972584070637
2017-12-18 00:00:00,38.746,38.226109417903075,0.5198905820969273,0.5198905820969273
2017-12-18 01:00:00,42.78100000000001,39.016745439746494,3.7642545602535193,3.7642545602535193
2017-12-18 02:00:00,45.257,43.35056176704542,1.906438232954578,1.906438232954578
2017-12-18 03:00:00,44.159,44.10628097871248,0.05271902128751549,0.05271902128751549
2017-12-18 04:00:00,48.886,43.01090327104523,5.875096728954773,5.875096728954773
2017-12-18 05:00:00,60.428,51.43130722092488,8.996692779075119,8.996692779075119
2017-12-18 06:00:00,61.411,62.66428740759445,-1.2532874075944491,1.2532874075944491
2017-12-18 07:00:00,58.962,60.488278102454096,-1.5262781024540928,1.5262781024540928
2017-12-18 08:00:00,48.492,51.2289135047943,-2.736913504794302,2.736913504794302
2017-12-18 09:00:00,44.674,43.849301871659776,0.8246981283402235,0.8246981283402235
2017-12-18 10:00:00,43.944,43.80198887253537,0.1420111274646345,0.1420111274646345
2017-12-18 11:00:00,43.714,43.13750690223988,0.576493097760121,0.576493097760121
2017-12-18 12:00:00,43.051,43.034345760675336,0.01665423932466581,0.01665423932466581
2017-12-18 13:00:00,42.53100000000001,42.82847137232408,-0.2974713723240683,0.2974713723240683
2017-12-18 14:00:00,42.607,41.97860118162732,0.6283988183726805,0.6283988183726805
2017-12-18 15:00:00,44.957,43.62510905990096,1.3318909400990435,1.3318909400990435
2017-12-18 16:00:00,46.018,47.69861072782942,-1.6806107278294178,1.6806107278294178
2017-12-18 17:00:00,56.76,54.29226021406087,2.4677397859391306,2.4677397859391306
2017-12-18 18:00:00,61.423,60.3207872801774,1.102212719822603,1.102212719822603
2017-12-18 19:00:00,61.738,62.08882055579317,-0.3508205557931703,0.3508205557931703
2017-12-18 20:00:00,52.312,57.2642738230487,-4.952273823048699,4.952273823048699
2017-12-18 21:00:00,40.849,44.116351754520956,-3.267351754520959,3.267351754520959
2017-12-18 22:00:00,38.983,39.35345589704676,-0.3704558970467602,0.3704558970467602
2017-12-18 23:00:00,38.087,38.84647383901322,-0.7594738390132179,0.7594738390132179
2017-12-19 00:00:00,38.235,38.43143042467342,-0.19643042467342298,0.19643042467342298
2017-12-19 01:00:00,42.619,40.202595783828336,2.4164042161716637,2.4164042161716637
2017-12-19 02:00:00,45.252,45.878389068178635,-0.6263890681786322,0.6263890681786322
2017-12-19 03:00:00,44.969,44.92128357019423,0.047716429805774396,0.047716429805774396
2017-12-19 04:00:00,48.969,47.22139460518454,1.7476053948154586,1.7476053948154586
2017-12-19 05:00:00,54.928,55.40191565481484,-0.47391565481484577,0.47391565481484577
2017-12-19 06:00:00,63.28,59.941346908981494,3.3386530910185073,3.3386530910185073
2017-12-19 07:00:00,57.788,62.65574432812846,-4.867744328128467,4.867744328128467
2017-12-19 08:00:00,47.702,49.3775728938074,-1.6755728938073986,1.6755728938073986
2017-12-19 09:00:00,44.155,43.372643090460855,0.7823569095391463,0.7823569095391463
2017-12-19 10:00:00,43.769,43.07172492435364,0.6972750756463597,0.6972750756463597
2017-12-19 11:00:00,46.448,43.49532410032126,2.952675899678738,2.952675899678738
2017-12-19 12:00:00,45.849,45.31227522123967,0.5367247787603233,0.5367247787603233
2017-12-19 13:00:00,44.482,44.7798195404212,-0.2978195404212016,0.2978195404212016
2017-12-19 14:00:00,46.163,43.991400362351925,2.1715996376480717,2.1715996376480717
2017-12-19 15:00:00,45.482,46.31673539002749,-0.8347353900274896,0.8347353900274896
2017-12-19 16:00:00,45.195,46.95999030278166,-1.764990302781662,1.764990302781662
2017-12-19 17:00:00,57.804,52.883544652616955,4.920455347383047,4.920455347383047
2017-12-19 18:00:00,61.289,58.17834645006008,3.1106535499399186,3.1106535499399186
2017-12-19 19:00:00,63.00899999999999,60.120734775599324,2.8882652244006692,2.8882652244006692
2017-12-19 20:00:00,54.361,57.17874488554669,-2.817744885546695,2.817744885546695
2017-12-19 21:00:00,41.428,46.88864028403982,-5.460640284039826,5.460640284039826
2017-12-19 22:00:00,38.562,39.50160108913014,-0.939601089130143,0.939601089130143
2017-12-19 23:00:00,38.077,38.44148305156921,-0.36448305156920924,0.36448305156920924
2017-12-20 00:00:00,38.112,38.303086329856484,-0.191086329856482,0.191086329856482
2017-12-20 01:00:00,42.57100000000001,40.35015844727643,2.2208415527235843,2.2208415527235843
2017-12-20 02:00:00,45.62300000000001,45.81242220899379,-0.1894222089937756,0.1894222089937756
2017-12-20 03:00:00,45.075,45.33953909332177,-0.2645390933217655,0.2645390933217655
2017-12-20 04:00:00,49.172,47.29448748211385,1.8775125178861458,1.8775125178861458
2017-12-20 05:00:00,60.078,56.57130004725535,3.506699952744654,3.506699952744654
2017-12-20 06:00:00,61.096,60.949206932140186,0.14679306785981083,0.14679306785981083
2017-12-20 07:00:00,58.945,57.628427558383535,1.316572441616465,1.316572441616465
2017-12-20 08:00:00,47.11600000000001,49.24531736158658,-2.1293173615865726,2.1293173615865726
2017-12-20 09:00:00,44.81399999999999,44.13271638004799,0.6812836199520049,0.6812836199520049
2017-12-20 10:00:00,44.118,43.13514231659309,0.9828576834069125,0.9828576834069125
2017-12-20 11:00:00,43.765,43.3512649444871,0.4137350555129018,0.4137350555129018
2017-12-20 12:00:00,43.239,43.77019173666941,-0.5311917366694132,0.5311917366694132
2017-12-20 13:00:00,42.31399999999999,43.916747156371954,-1.6027471563719615,1.6027471563719615
2017-12-20 14:00:00,43.56399999999999,42.77795170625233,0.7860482937476618,0.7860482937476618
2017-12-20 15:00:00,45.334,44.22596414977421,1.1080358502257965,1.1080358502257965
2017-12-20 16:00:00,46.25,46.22513010095453,0.02486989904546988,0.02486989904546988
2017-12-20 17:00:00,48.06,52.23655579766458,-4.176555797664577,4.176555797664577
2017-12-20 18:00:00,60.106,50.528967409758664,9.577032590241338,9.577032590241338
2017-12-20 19:00:00,60.021,58.71474871663931,1.3062512833606874,1.3062512833606874
2017-12-20 20:00:00,57.964,52.517894717576866,5.446105282423133,5.446105282423133
2017-12-20 21:00:00,43.07100000000001,45.517758163981476,-2.446758163981464,2.446758163981464
2017-12-20 22:00:00,38.83,40.189701393639176,-1.3597013936391775,1.3597013936391775
2017-12-20 23:00:00,37.007,37.314435540097,-0.30743554009700347,0.30743554009700347
2017-12-21 00:00:00,38.918,35.493803130006505,3.4241968699934944,3.4241968699934944
2017-12-21 01:00:00,45.451,39.58630850712603,5.864691492873973,5.864691492873973
2017-12-21 02:00:00,44.136,45.52641321772483,-1.3904132177248272,1.3904132177248272
2017-12-21 03:00:00,43.51600000000001,44.041482782745796,-0.5254827827457831,0.5254827827457831
2017-12-21 04:00:00,47.595,46.79020102514961,0.8047989748503923,0.8047989748503923
2017-12-21 05:00:00,52.552,54.80936034869379,-2.257360348693787,2.257360348693787
2017-12-21 06:00:00,61.357,55.88303671920437,5.47396328079563,5.47396328079563
2017-12-21 07:00:00,53.175,62.256895021851356,-9.08189502185136,9.08189502185136
2017-12-21 08:00:00,47.497,46.868779414766166,0.6282205852338336,0.6282205852338336
2017-12-21 09:00:00,45.913,43.31057691310669,2.6024230868933103,2.6024230868933103
2017-12-21 10:00:00,44.37,44.19738837428592,0.17261162571407596,0.17261162571407596
2017-12-21 11:00:00,43.81100000000001,43.31161895025469,0.49938104974531683,0.49938104974531683
2017-12-21 12:00:00,43.496,43.1425540764427,0.3534459235573024,0.3534459235573024
2017-12-21 13:00:00,43.535,43.24961255705441,0.28538744294558427,0.28538744294558427
2017-12-21 14:00:00,43.812,43.63242325962446,0.17957674037553772,0.17957674037553772
2017-12-21 15:00:00,44.598,45.04106600855121,-0.44306600855121303,0.44306600855121303
2017-12-21 16:00:00,47.056,46.71953286446318,0.3364671355368145,0.3364671355368145
2017-12-21 17:00:00,57.115,50.526688015651125,6.588311984348877,6.588311984348877
2017-12-21 18:00:00,59.269,59.23234134431608,0.03665865568391524,0.03665865568391524
2017-12-21 19:00:00,60.636,58.59869383956037,2.037306160439634,2.037306160439634
2017-12-21 20:00:00,56.785,56.16388616094819,0.6211138390518087,0.6211138390518087
2017-12-21 21:00:00,44.449,45.733535392936176,-1.2845353929361778,1.2845353929361778
2017-12-21 22:00:00,41.71,41.396770544446895,0.3132294555531061,0.3132294555531061
2017-12-21 23:00:00,41.108,39.92993809072835,1.1780619092716478,1.1780619092716478
2017-12-22 00:00:00,40.871,40.31117917285529,0.559820827144712,0.559820827144712
2017-12-22 01:00:00,42.01600000000001,43.245921934230275,-1.229921934230262,1.229921934230262
2017-12-22 02:00:00,46.539,45.04640063314336,1.4925993668566448,1.4925993668566448
2017-12-22 03:00:00,45.536,45.58453344006734,-0.04853344006733806,0.04853344006733806
2017-12-22 04:00:00,49.074,46.63898339024132,2.4350166097586765,2.4350166097586765
2017-12-22 05:00:00,60.111,55.34400470313175,4.766995296868245,4.766995296868245
2017-12-22 06:00:00,61.24,60.36854020821332,0.871459791786684,0.871459791786684
2017-12-22 07:00:00,58.69600000000001,58.009074036318104,0.6869259636819081,0.6869259636819081
2017-12-22 08:00:00,49.675,49.820474369601186,-0.14547436960118887,0.14547436960118887
2017-12-22 09:00:00,43.58,44.791978940530804,-1.2119789405308055,1.2119789405308055
2017-12-22 10:00:00,45.632,43.64143414184241,1.9905658581575878,1.9905658581575878
2017-12-22 11:00:00,44.745,44.00166446542431,0.7433355345756851,0.7433355345756851
2017-12-22 12:00:00,47.199,44.04433362190242,3.1546663780975805,3.1546663780975805
2017-12-22 13:00:00,46.806,45.895107246294195,0.9108927537058022,0.9108927537058022
2017-12-22 14:00:00,44.83,44.894529997088846,-0.06452999708884732,0.06452999708884732
2017-12-22 15:00:00,44.3,45.10799142212082,-0.8079914221208213,0.8079914221208213
2017-12-22 16:00:00,44.93,47.00908206958253,-2.079082069582533,2.079082069582533
2017-12-22 17:00:00,49.71,52.43396435860715,-2.723964358607148,2.723964358607148
2017-12-22 18:00:00,61.847,54.87712036712118,6.969879632878822,6.969879632878822
2017-12-22 19:00:00,62.833,60.471065344318056,2.3619346556819423,2.3619346556819423
2017-12-22 20:00:00,59.669,58.23300304153897,1.4359969584610255,1.4359969584610255
2017-12-22 21:00:00,43.9,49.12247430742757,-5.222474307427568,5.222474307427568
2017-12-22 22:00:00,40.81800000000001,41.994287688342794,-1.1762876883427822,1.1762876883427822
2017-12-22 23:00:00,39.53,41.1725631629584,-1.642563162958396,1.642563162958396
2017-12-23 00:00:00,38.74800000000001,39.17608450369835,-0.4280845036983365,0.4280845036983365
2017-12-23 01:00:00,39.637,39.18848065921899,0.4485193407810115,0.4485193407810115
2017-12-23 02:00:00,38.832,42.3294234450796,-3.4974234450795976,3.4974234450795976
2017-12-23 03:00:00,39.553,40.945890767631646,-1.3928907676316484,1.3928907676316484
2017-12-23 04:00:00,42.475,44.02160908541858,-1.5466090854185808,1.5466090854185808
2017-12-23 05:00:00,49.909,48.799939007368316,1.109060992631683,1.109060992631683
2017-12-23 06:00:00,51.722,54.509239534153835,-2.7872395341538336,2.7872395341538336
2017-12-23 07:00:00,59.587,54.88894257746162,4.698057422538383,4.698057422538383
2017-12-23 08:00:00,55.144,53.24509504686483,1.8989049531351654,1.8989049531351654
2017-12-23 09:00:00,44.106,48.65089387545464,-4.54489387545464,4.54489387545464
2017-12-23 10:00:00,43.933,42.4921898153929,1.440810184607102,1.440810184607102
2017-12-23 11:00:00,44.037,43.92852421614142,0.10847578385858014,0.10847578385858014
2017-12-23 12:00:00,42.471,44.08349426645376,-1.6124942664537656,1.6124942664537656
2017-12-23 13:00:00,42.225,42.450519840032634,-0.22551984003263215,0.22551984003263215
2017-12-23 14:00:00,43.364,44.017575471056574,-0.6535754710565769,0.6535754710565769
2017-12-23 15:00:00,43.845,44.703789504113246,-0.858789504113247,0.858789504113247
2017-12-23 16:00:00,46.032,45.57363172428884,0.4583682757111589,0.4583682757111589
2017-12-23 17:00:00,49.502,51.863017666214645,-2.361017666214643,2.361017666214643
2017-12-23 18:00:00,49.581,50.82261912852759,-1.2416191285275886,1.2416191285275886
2017-12-23 19:00:00,48.732,49.94406895096496,-1.2120689509649623,1.2120689509649623
2017-12-23 20:00:00,57.355,49.03662146398206,8.318378536017939,8.318378536017939
2017-12-23 21:00:00,58.312,48.68640644774043,9.625593552259566,9.625593552259566
2017-12-23 22:00:00,48.673,45.87459497264971,2.7984050273502916,2.7984050273502916
2017-12-23 23:00:00,41.849,43.721043117976464,-1.8720431179764674,1.8720431179764674
2017-12-24 00:00:00,41.172,40.51942804824988,0.6525719517501187,0.6525719517501187
2017-12-24 01:00:00,42.351000000000006,41.06968799838599,1.281312001614019,1.281312001614019
2017-12-24 02:00:00,44.889,41.27243596513215,3.6165640348678494,3.6165640348678494
2017-12-24 03:00:00,45.481,43.32655903507414,2.154440964925861,2.154440964925861
2017-12-24 04:00:00,44.06800000000001,44.93066088358864,-0.8626608835886245,0.8626608835886245
2017-12-24 05:00:00,48.127,49.271204510479954,-1.1442045104799519,1.1442045104799519
2017-12-24 06:00:00,59.465,51.59203144791959,7.872968552080415,7.872968552080415
2017-12-24 07:00:00,61.163,59.91761394341797,1.2453860565820278,1.2453860565820278
2017-12-24 08:00:00,60.06800000000001,53.59378813371368,6.474211866286332,6.474211866286332
2017-12-24 09:00:00,48.168,51.1026463339316,-2.934646333931603,2.934646333931603
2017-12-24 10:00:00,45.605,45.303224444242176,0.3017755557578212,0.3017755557578212
2017-12-24 11:00:00,45.537,44.50103967160277,1.0359603283972305,1.0359603283972305
2017-12-24 12:00:00,44.444,43.96396452391326,0.4800354760867407,0.4800354760867407
2017-12-24 13:00:00,44.024,43.68832844160951,0.33567155839049434,0.33567155839049434
2017-12-24 14:00:00,43.893,43.61419391951428,0.2788060804857224,0.2788060804857224
2017-12-24 15:00:00,45.175,44.1541710336101,1.0208289663898995,1.0208289663898995
2017-12-24 16:00:00,47.174,47.19739387740259,-0.023393877402590135,0.023393877402590135
2017-12-24 17:00:00,50.198,52.4596955598346,-2.2616955598345996,2.2616955598345996
2017-12-24 18:00:00,58.074,53.39151430302175,4.682485696978247,4.682485696978247
2017-12-24 19:00:00,60.355,55.66519517806014,4.689804821939859,4.689804821939859
2017-12-24 20:00:00,59.934,57.596957058215494,2.337042941784503,2.337042941784503
2017-12-24 21:00:00,47.786,49.81834770588445,-2.0323477058844475,2.0323477058844475
2017-12-24 22:00:00,43.44,43.75460118064234,-0.31460118064234166,0.31460118064234166
2017-12-24 23:00:00,41.989,42.74867849359033,-0.7596784935903358,0.7596784935903358
2017-12-25 00:00:00,41.401,41.543862717720685,-0.14286271772068204,0.14286271772068204
2017-12-25 01:00:00,41.642,42.897427295856204,-1.255427295856201,1.255427295856201
2017-12-25 02:00:00,41.091,45.2406446908131,-4.149644690813098,4.149644690813098
2017-12-25 03:00:00,42.587,44.53689227214566,-1.9498922721456537,1.9498922721456537
2017-12-25 04:00:00,48.42,44.41300519753807,4.006994802461932,4.006994802461932
2017-12-25 05:00:00,51.389,53.20463464021871,-1.815634640218704,1.815634640218704
2017-12-25 06:00:00,61.085,57.9565962253607,3.1284037746393025,3.1284037746393025
2017-12-25 07:00:00,61.514,61.51408186564139,-8.186564138412677e-05,8.186564138412677e-05
2017-12-25 08:00:00,51.708,56.55215065165264,-4.84415065165264,4.84415065165264
2017-12-25 09:00:00,45.243,48.8705919284781,-3.627591928478097,3.627591928478097
2017-12-25 10:00:00,45.034,44.98921449368133,0.044785506318667956,0.044785506318667956
2017-12-25 11:00:00,44.945,44.88113480456487,0.06386519543512748,0.06386519543512748
2017-12-25 12:00:00,45.02,44.72402356637002,0.2959764336299813,0.2959764336299813
2017-12-25 13:00:00,44.38399999999999,44.522905007951195,-0.13890500795120175,0.13890500795120175
2017-12-25 14:00:00,44.672,44.39297792965069,0.27902207034930626,0.27902207034930626
2017-12-25 15:00:00,45.389,45.96071108022327,-0.5717110802232668,0.5717110802232668
2017-12-25 16:00:00,46.69600000000001,47.30140718982099,-0.6054071898209799,0.6054071898209799
2017-12-25 17:00:00,57.862,52.50565224999554,5.35634775000446,5.35634775000446
2017-12-25 18:00:00,62.014,60.5333364980778,1.4806635019222014,1.4806635019222014
2017-12-25 19:00:00,62.24100000000001,62.88108243879456,-0.6400824387945505,0.6400824387945505
2017-12-25 20:00:00,53.521,59.8522786771671,-6.331278677167099,6.331278677167099
2017-12-25 21:00:00,45.43600000000001,46.72646970243941,-1.2904697024394025,1.2904697024394025
2017-12-25 22:00:00,44.927,43.150542270537485,1.7764577294625141,1.7764577294625141
2017-12-25 23:00:00,42.911,43.760647010080504,-0.8496470100805027,0.8496470100805027
2017-12-26 00:00:00,42.937,42.683255282235,0.2537447177649952,0.2537447177649952
2017-12-26 01:00:00,46.74,43.762232583203364,2.977767416796638,2.977767416796638
2017-12-26 02:00:00,50.39,45.63731507458244,4.752684925417562,4.752684925417562
2017-12-26 03:00:00,47.977,48.7688942365016,-0.7918942365016051,0.7918942365016051
2017-12-26 04:00:00,52.452,49.42277676482151,3.0292232351784847,3.0292232351784847
2017-12-26 05:00:00,60.374,56.658788993991,3.7152110060089996,3.7152110060089996
2017-12-26 06:00:00,62.944,63.49746961702387,-0.5534696170238647,0.5534696170238647
2017-12-26 07:00:00,60.177,60.462330995789294,-0.28533099578929466,0.28533099578929466
2017-12-26 08:00:00,53.38399999999999,54.957330305201666,-1.5733303052016723,1.5733303052016723
2017-12-26 09:00:00,45.202,48.37442829829107,-3.1724282982910736,3.1724282982910736
2017-12-26 10:00:00,45.893,45.029399996481075,0.8636000035189255,0.8636000035189255
2017-12-26 11:00:00,45.632,45.12107539970852,0.5109246002914745,0.5109246002914745
2017-12-26 12:00:00,46.725,44.496772931321836,2.228227068678166,2.228227068678166
2017-12-26 13:00:00,46.383,44.58879250747334,1.7942074925266596,1.7942074925266596
2017-12-26 14:00:00,46.257,44.770300365658606,1.4866996343413916,1.4866996343413916
2017-12-26 15:00:00,46.25,45.574358995148984,0.6756410048510162,0.6756410048510162
2017-12-26 16:00:00,47.896,46.8976958838827,0.9983041161173034,0.9983041161173034
2017-12-26 17:00:00,51.969,54.336061323999886,-2.3670613239998843,2.3670613239998843
2017-12-26 18:00:00,62.041,56.76362676332024,5.277373236679757,5.277373236679757
2017-12-26 19:00:00,62.726000000000006,62.61221280817174,0.11378719182826558,0.11378719182826558
2017-12-26 20:00:00,58.989,58.62364884584398,0.3653511541560164,0.3653511541560164
2017-12-26 21:00:00,44.808,48.43608283041178,-3.6280828304117776,3.6280828304117776
2017-12-26 22:00:00,43.451,42.508413347011725,0.9425866529882754,0.9425866529882754
2017-12-26 23:00:00,42.777,43.09522732459074,-0.31822732459073677,0.31822732459073677
2017-12-27 00:00:00,41.739,42.701213121977034,-0.9622131219770367,0.9622131219770367
2017-12-27 01:00:00,43.772,44.82530539742675,-1.0533053974267546,1.0533053974267546
2017-12-27 02:00:00,46.88399999999999,47.44139908139766,-0.5573990813976692,0.5573990813976692
2017-12-27 03:00:00,47.07,46.60116673519188,0.4688332648081186,0.4688332648081186
2017-12-27 04:00:00,51.333,49.50053343040706,1.8324665695929383,1.8324665695929383
2017-12-27 05:00:00,54.08,56.03216803364259,-1.952168033642593,1.952168033642593
2017-12-27 06:00:00,62.354,59.67432378390184,2.6796762160981586,2.6796762160981586
2017-12-27 07:00:00,54.303,62.81858297975754,-8.51558297975754,8.51558297975754
2017-12-27 08:00:00,50.188,50.685654125578246,-0.4976541255782436,0.4976541255782436
2017-12-27 09:00:00,46.73,45.539944800225335,1.1900551997746618,1.1900551997746618
2017-12-27 10:00:00,44.931,45.282306221385134,-0.351306221385137,0.351306221385137
2017-12-27 11:00:00,45.24100000000001,43.430832417585584,1.8101675824144223,1.8101675824144223
2017-12-27 12:00:00,46.87600000000001,44.41490781729312,2.461092182706892,2.461092182706892
2017-12-27 13:00:00,46.164,45.34992359254329,0.8140764074567102,0.8140764074567102
2017-12-27 14:00:00,44.51,45.55641204664956,-1.0464120466495643,1.0464120466495643
2017-12-27 15:00:00,45.604,44.868654460588054,0.735345539411945,0.735345539411945
2017-12-27 16:00:00,45.434,46.64434351762522,-1.210343517625219,1.210343517625219
2017-12-27 17:00:00,56.808,51.218382420543726,5.589617579456274,5.589617579456274
2017-12-27 18:00:00,61.874,58.81491651127876,3.0590834887212424,3.0590834887212424
2017-12-27 19:00:00,60.806,61.39559894409189,-0.5895989440918896,0.5895989440918896
2017-12-27 20:00:00,55.417,57.51505248952177,-2.09805248952177,2.09805248952177
2017-12-27 21:00:00,45.48,47.214798398173805,-1.7347983981738082,1.7347983981738082
2017-12-27 22:00:00,42.514,42.168698742800125,0.34530125719987836,0.34530125719987836
2017-12-27 23:00:00,40.941,41.9339384755494,-0.9929384755493942,0.9929384755493942
2017-12-28 00:00:00,40.362,40.513196093803984,-0.15119609380398202,0.15119609380398202
2017-12-28 01:00:00,46.975,42.76493963676184,4.2100603632381635,4.2100603632381635
2017-12-28 02:00:00,48.225,47.8305627785226,0.39443722147740345,0.39443722147740345
2017-12-28 03:00:00,46.57899999999999,48.4223684159197,-1.8433684159197057,1.8433684159197057
2017-12-28 04:00:00,49.583,48.16346080225009,1.4195391977499057,1.4195391977499057
2017-12-28 05:00:00,60.165,56.80654763679233,3.358452363207668,3.358452363207668
2017-12-28 06:00:00,61.327,61.64898481607384,-0.32198481607384366,0.32198481607384366
2017-12-28 07:00:00,59.352,59.89255445352232,-0.5405544535223257,0.5405544535223257
2017-12-28 08:00:00,49.923,51.957646195033384,-2.034646195033382,2.034646195033382
2017-12-28 09:00:00,43.984,45.63881880257857,-1.6548188025785677,1.6548188025785677
2017-12-28 10:00:00,44.724,43.667987509681915,1.056012490318082,1.056012490318082
2017-12-28 11:00:00,44.934,45.17769164879415,-0.2436916487941545,0.2436916487941545
2017-12-28 12:00:00,44.187,45.50670664205774,-1.3197066420577457,1.3197066420577457
2017-12-28 13:00:00,45.072,44.36598919285228,0.7060108071477202,0.7060108071477202
2017-12-28 14:00:00,46.538,45.0867651825666,1.451234817433395,1.451234817433395
2017-12-28 15:00:00,48.23,46.6182030120315,1.6117969879684964,1.6117969879684964
2017-12-28 16:00:00,46.658,49.01512939355353,-2.357129393553528,2.357129393553528
2017-12-28 17:00:00,51.71100000000001,54.39567805733834,-2.684678057338324,2.684678057338324
2017-12-28 18:00:00,57.538,56.618505045086046,0.9194949549139508,0.9194949549139508
2017-12-28 19:00:00,64.215,57.62298150704943,6.592018492950572,6.592018492950572
2017-12-28 20:00:00,63.739,61.57976234144187,2.1592376585581263,2.1592376585581263
2017-12-28 21:00:00,58.08,54.672244868251546,3.407755131748452,3.407755131748452
2017-12-28 22:00:00,44.81100000000001,48.204204699103975,-3.3932046991039684,3.3932046991039684
2017-12-28 23:00:00,42.049,42.71627570673421,-0.667275706734209,0.667275706734209
2017-12-29 00:00:00,43.221,41.53281637841768,1.6881836215823185,1.6881836215823185
2017-12-29 01:00:00,43.119,45.97745708492757,-2.858457084927572,2.858457084927572
2017-12-29 02:00:00,42.931,47.22346673815618,-4.292466738156186,4.292466738156186
2017-12-29 03:00:00,44.05,45.781065987366546,-1.7310659873665486,1.7310659873665486
2017-12-29 04:00:00,47.306,47.00367617833676,0.30232382166323646,0.30232382166323646
2017-12-29 05:00:00,52.967,53.46336041761189,-0.4963604176118892,0.4963604176118892
2017-12-29 06:00:00,60.249,57.264948235987696,2.9840517640123068,2.9840517640123068
2017-12-29 07:00:00,63.284,61.94300354007714,1.3409964599228559,1.3409964599228559
2017-12-29 08:00:00,51.333,56.61709676107976,-5.284096761079759,5.284096761079759
2017-12-29 09:00:00,46.447,47.37581492641682,-0.9288149264168197,0.9288149264168197
2017-12-29 10:00:00,50.457,45.72715272683329,4.729847273166712,4.729847273166712
2017-12-29 11:00:00,48.132,48.86846102907827,-0.7364610290782707,0.7364610290782707
2017-12-29 12:00:00,48.718,47.53560505506231,1.1823949449376912,1.1823949449376912
2017-12-29 13:00:00,48.379,47.980330057978584,0.3986699420214137,0.3986699420214137
2017-12-29 14:00:00,47.032,48.45006818446081,-1.4180681844608145,1.4180681844608145
2017-12-29 15:00:00,48.841,47.74955300585625,1.0914469941437517,1.0914469941437517
2017-12-29 16:00:00,51.556,49.809143190785285,1.7468568092147123,1.7468568092147123
2017-12-29 17:00:00,60.347,57.750805506664086,2.596194493335915,2.596194493335915
2017-12-29 18:00:00,65.601,64.00548766308926,1.595512336910744,1.595512336910744
2017-12-29 19:00:00,65.467,65.75261260798835,-0.2856126079883552,0.2856126079883552
2017-12-29 20:00:00,59.19,61.67977240319571,-2.4897724031957154,2.4897724031957154
2017-12-29 21:00:00,45.075,50.467669095090905,-5.392669095090902,5.392669095090902
2017-12-29 22:00:00,45.476000000000006,43.45153886553383,2.024461134466179,2.024461134466179
2017-12-29 23:00:00,44.913,43.35781741310247,1.55518258689753,1.55518258689753
2017-12-30 00:00:00,43.924,43.14378469786648,0.7802153021335201,0.7802153021335201
2017-12-30 01:00:00,43.721,43.09333977570485,0.6276602242951483,0.6276602242951483
2017-12-30 02:00:00,43.846,42.91060094919724,0.9353990508027579,0.9353990508027579
2017-12-30 03:00:00,44.129,43.68511063397278,0.4438893660272143,0.4438893660272143
2017-12-30 04:00:00,46.173,46.09716776665754,0.07583223334246014,0.07583223334246014
2017-12-30 05:00:00,54.789,52.395732758948824,2.393267241051177,2.393267241051177
2017-12-30 06:00:00,63.17,60.05244109455481,3.1175589054451933,3.1175589054451933
2017-12-30 07:00:00,63.887,62.71458810378772,1.1724118962122816,1.1724118962122816
2017-12-30 08:00:00,62.981,55.78178798858324,7.199212011416762,7.199212011416762
2017-12-30 09:00:00,55.249,55.92113457041958,-0.6721345704195798,0.6721345704195798
2017-12-30 10:00:00,47.788,50.44437498940933,-2.6563749894093363,2.6563749894093363
2017-12-30 11:00:00,46.845,48.02823181686519,-1.183231816865188,1.183231816865188
2017-12-30 12:00:00,46.82,46.54425573843214,0.2757442615678585,0.2757442615678585
2017-12-30 13:00:00,46.538,46.318848130246245,0.21915186975375178,0.21915186975375178
2017-12-30 14:00:00,47.451,46.172947924782235,1.278052075217765,1.278052075217765
2017-12-30 15:00:00,48.14,47.68698299511817,0.45301700488182917,0.45301700488182917
2017-12-30 16:00:00,50.627,50.14055401312222,0.48644598687778284,0.48644598687778284
2017-12-30 17:00:00,55.525,56.07157390305199,-0.5465739030519927,0.5465739030519927
2017-12-30 18:00:00,63.648,61.87118058644097,1.776819413559032,1.776819413559032
2017-12-30 19:00:00,63.08600000000001,63.98010097461083,-0.8941009746108151,0.8941009746108151
2017-12-30 20:00:00,60.273,58.65014246171898,1.6228575382810249,1.6228575382810249
2017-12-30 21:00:00,48.386,52.19344975471164,-3.8074497547116337,3.8074497547116337
2017-12-30 22:00:00,45.878,44.24322976982444,1.6347702301755618,1.6347702301755618
2017-12-30 23:00:00,46.121,44.37071455445916,1.7502854455408396,1.7502854455408396
2017-12-31 00:00:00,46.178,44.203533309107854,1.974466690892143,1.974466690892143
2017-12-31 01:00:00,45.78100000000001,44.505284290892895,1.2757157091071178,1.2757157091071178
2017-12-31 02:00:00,45.84,44.84317954512262,0.9968204548773869,0.9968204548773869
2017-12-31 03:00:00,46.025,44.62457088730979,1.4004291126902118,1.4004291126902118
2017-12-31 04:00:00,50.503,47.06135977394561,3.441640226054389,3.441640226054389
2017-12-31 05:00:00,55.841,57.215776480577375,-1.3747764805773741,1.3747764805773741
2017-12-31 06:00:00,62.326,62.03349008359956,0.2925099164004408,0.2925099164004408
2017-12-31 07:00:00,65.062,63.27498651386896,1.7870134861310376,1.7870134861310376
2017-12-31 08:00:00,58.805,60.756873499719916,-1.951873499719916,1.951873499719916
2017-12-31 09:00:00,49.554,52.73022214416031,-3.176222144160306,3.176222144160306
2017-12-31 10:00:00,48.305,47.76685276479865,0.5381472352013503,0.5381472352013503
2017-12-31 11:00:00,47.37600000000001,47.58882002038331,-0.2128200203832975,0.2128200203832975
2017-12-31 12:00:00,47.404,46.351063361925405,1.0529366380745984,1.0529366380745984
2017-12-31 13:00:00,46.303,46.327981461569244,-0.024981461569247188,0.024981461569247188
2017-12-31 14:00:00,45.934,46.01908037309565,-0.08508037309564997,0.08508037309564997
2017-12-31 15:00:00,47.483,46.60230463427968,0.8806953657203138,0.8806953657203138
2017-12-31 16:00:00,51.453,49.0452958441072,2.4077041558928016,2.4077041558928016
2017-12-31 17:00:00,61.159,57.13593978048354,4.023060219516459,4.023060219516459
2017-12-31 18:00:00,63.245,62.189333893296805,1.0556661067031925,1.0556661067031925
2017-12-31 19:00:00,61.892,61.31320870084118,0.5787912991588229,0.5787912991588229
2017-12-31 20:00:00,48.39,58.62352887055021,-10.23352887055021,10.23352887055021
2017-12-31 21:00:00,44.293,44.18129496507375,0.11170503492625272,0.11170503492625272
2017-12-31 22:00:00,44.341,43.53726485833387,0.8037351416661309,0.8037351416661309
2017-12-31 23:00:00,44.67,44.943327304037616,-0.27332730403761474,0.27332730403761474
